uniqueID,Word,cat53_string,size_mean,memorability_cr,recognizability,property_hold_mean,property_hold_SD,property_pleasant_mean,property_pleasant_SD,property_arousal_mean,property_arousal_SD,property_manmade_mean,property_manmade_SD,property_grasp_mean,property_grasp_SD,property_natural_mean,property_natural_SD
snail,snail,animal; sea animal; seafood,156.0333333,0.7961098435789474,0.9185332132499999,6.1579,1.0533,4.2368,1.2398,3.840909091,1.841930002,1.3947,1.0537,6.0,1.139,6.5789,0.9482
chalk,chalk,arts and crafts supply; school supply,166.6875,0.8321431082307692,0.9055908785,6.6842,0.5745,4.5526,1.083,3.933333333,1.4984840819999998,5.4474,1.7351,6.3684,0.8517,4.1053,1.7977
clay,clay,arts and crafts supply,184.6,0.79907410275,0.7407334181538462,6.0,1.029,4.7714,1.2387,3.934782609,1.638456915,3.6,1.8818,5.6857,1.2549,5.7429,1.221
crayon,crayon,arts and crafts supply; school supply; toy,176.0581395,0.849686746235294,0.8502056449444444,6.7368,0.5032,5.4737,1.2463,3.416666667,1.796371441,6.6842,0.9036,6.5526,0.95,1.9474,1.1613
eraser,eraser,arts and crafts supply; office supply; school supply,152.9148936,0.8539345157499999,0.8107909436153846,6.7895,0.4132,4.3158,0.933,4.0,1.6242838030000002,6.5,1.1089,6.7105,0.5651,1.7632,1.0249
paper,paper,arts and crafts supply; office supply; school supply,224.1410256,0.7307764604285715,0.8575660450666667,6.7436,0.6373,4.6923,1.004,3.543478261,1.456121511,6.6923,0.9221,6.5385,0.8537,3.7436,1.758
pen,pen,arts and crafts supply; office supply; school supply; tool,191.1309524,0.7257566111666667,0.950362283923077,6.8857,0.4038,4.4571,0.6108,3.930232558,1.31647706,6.8571,0.4937,6.8286,0.4528,1.4,0.7746
pencil,pencil,arts and crafts supply; office supply; school supply; tool,195.6590909,0.8093545624999999,0.9581854043076923,6.75,0.5,4.9444,0.9545,3.765957447,1.417480403,6.6389,0.6825,6.6111,0.5989,3.1667,1.7321
pencil_sharpener,pencil sharpener,arts and crafts supply; office supply; school supply; tool,184.4404762,0.8016444430833333,0.9324263895384616,6.8571,0.355,4.3429,0.8382,3.948717949,1.356247104,6.9143,0.284,6.7429,0.6108,1.4286,0.9167
tape,tape,arts and crafts supply; fastener; office supply,184.202381,0.7961648380769231,0.802741866,6.6154,0.6734,4.7179,1.099,3.957446809,1.654472815,6.5897,1.2506,6.5385,0.7555,1.6667,1.0842
thread,thread,arts and crafts supply,132.7261905,0.79363756875,0.8321667450000001,6.3846,1.0161,4.8205,1.0481,3.70212766,1.768257477,6.2821,0.8568,6.2308,1.0377,3.0,1.6384
egg,egg,breakfast food; food,180.6829268,0.8381407711333334,0.976931260375,6.6571,0.5392,4.9143,1.2455,3.85106383,1.601340789,1.4,0.9762,6.4,0.9456,6.6571,0.4816
omelet,omelet,breakfast food; food,209.5116279,0.8071705228333333,0.7198043614210526,5.5,1.3507,5.3684,1.2175,3.612244898,1.753761749,6.5526,0.9211,5.3947,1.3664,3.8947,1.7674
belt,belt,clothing; clothing accessory,239.1860465,0.8158603592857142,0.8561076302,6.6316,0.5413,4.6316,1.0246,4.020833333,1.4215601759999998,6.7368,0.4463,6.3947,1.2848,2.5263,1.5199
bra,bra,clothing; women's clothing,228.9333333,0.8764009586428572,0.9468030117333334,6.5714,0.6081,4.2571,1.7037,4.333333333,1.602303307,6.8571,0.355,6.4,1.0059,1.9714,1.3824
crown,crown,clothing; headwear; jewelry,228.3452381,0.7926023777500001,0.9675538136923076,5.7838,0.9468,5.7568,0.9547,4.06122449,1.940877843,6.6216,1.0633,5.5676,1.0419,1.8378,1.3019999999999998
dress,dress,clothing; women's clothing,279.6625,0.793597178076923,0.9236344537857143,6.3333,0.8619,5.6389,0.9305,3.846153846,1.5889892630000002,6.6944,0.8559,6.2778,0.8489,2.3611,1.2907
glove,glove,clothing; clothing accessory; outerwear; protective clothing,217.2222222,0.8019675675625,0.8740908937058824,6.8205,0.3888,4.8462,0.9608,3.846153846,1.6964162390000002,6.7436,0.7511,6.6667,0.5774,1.8974,1.2936
hat,hat,clothing; clothing accessory; headwear,233.1976744,0.7896889466470588,0.739401543388889,6.5833,0.6036,5.4722,1.1585,3.581395349,1.467627793,6.6667,0.7928,6.3889,0.7664,3.0556,1.7394
pants,pants,clothing,269.30851060000003,0.8077469903846153,0.8115941249285715,6.7368,0.5032,5.3684,1.1009,3.904761905,1.79170887,6.6316,1.0761,6.6316,0.6334,2.5,1.4842
scarf,scarf,clothing; clothing accessory; outerwear,241.3142857,0.7649147788125,0.7087455452352941,6.7949,0.4091,5.6923,1.1039,4.063829787,1.552056915,6.7949,0.469,6.7692,0.4846,2.5385,1.8331
shirt,shirt,clothing,260.3977273,0.7606358998333334,0.9371225008461538,6.7368,0.5032,5.4211,1.0813,3.558139535,1.868311251,6.8158,0.4565,6.6053,0.5945,2.5,1.4658
shoe,shoe,clothing; footwear,224.4347826,0.7680353495000001,0.8863631080000001,6.4,0.5531,5.2286,1.087,3.956521739,1.490063708,6.7714,0.426,6.1714,1.1242,2.2571,1.4821
sock,sock,clothing; footwear,213.7439024,0.8203182676153846,0.8793155695714285,6.8158,0.4565,5.1316,1.143,3.888888889,1.318094738,6.7105,0.7318,6.6579,0.7081,2.2632,1.4646
t-shirt,t-shirt,clothing,259.3444444,0.8066026115333333,0.712163193125,6.7027,0.5708,5.2973,0.9388,3.673913043,1.838530184,6.7297,0.4502,6.5405,0.9887,2.9459,1.6658
tie,tie,clothing; clothing accessory,221.0121951,0.8198371450769231,0.9210752890714285,6.7027,0.5708,5.0811,1.382,3.266666667,1.826571552,6.7838,0.4793,6.6216,0.6391,2.027,1.1663
earring,earring,clothing accessory; jewelry,135.9777778,0.7795639354375,0.891022314,6.6,0.6325,5.4,1.0328,4.16,1.730400449,6.65,0.6222,6.25,1.2352,2.15,1.272
glasses,glasses,clothing accessory,205.9772727,0.7608900714117647,0.9402876535555555,6.7297,0.6078,5.3243,1.0555,3.88,1.6859563990000002,6.6757,0.8836,6.5405,0.7301,2.0541,1.4327
watch,watch,clothing accessory; jewelry,183.7934783,0.7572268380666666,0.990728022,6.6923,0.4676,5.3333,1.1317,3.591836735,1.913965858,6.7692,0.9308,6.4872,0.6437,1.7179,0.9986
ginger,ginger,condiment; food,173.26388889999998,0.8341602213333333,0.9154839944615384,6.5385,0.7896,5.2821,0.9162,4.088888889,1.578581386,1.5641,1.1652,6.3333,0.8983,6.8205,0.4514
helmet,helmet,construction equipment; headwear; protective clothing; safety equipment; sports equipment,241.3333333,0.7767722539166666,0.7628447532307692,6.3846,0.7114,4.2564,1.0935,4.392156863,1.524184128,6.6667,0.8983,6.1026,0.8206,1.4615,0.7896
rope,rope,construction equipment; tool,245.29729730000005,0.77784074325,0.865845011882353,5.825,1.035,4.075,0.797,4.261904762,1.4825739619999998,6.475,0.8767,5.85,1.0513,3.175,1.767
bag,bag,container,242.2027027,0.789145696125,0.8921195249411765,6.5946,0.6438,5.1892,1.023,4.02173913,1.639635873,6.5135,1.3869,6.5676,0.6472,1.973,1.3014
basket,basket,container,252.7888889,0.7508853761666666,0.7699359563846154,6.359,0.6684,5.3077,1.004,3.734693878,1.454526129,6.641,0.5843,6.3333,0.8377,3.9487,1.8771
bottle,bottle,container,223.0465116,0.7810316650833333,0.741795967923077,6.3333,0.7009,4.7436,0.9925,3.791666667,1.725384118,6.7692,0.4846,6.2821,0.7236,1.8462,1.4607
bowl,bowl,container,224.9555556,0.7545982490833333,0.7988876791538462,6.4474,0.6857,4.7105,0.956,3.87755102,1.844277784,6.7895,0.4741,6.1316,0.8438,1.8684,1.018
box,box,container,254.0625,0.7815396036666667,0.8965407268461539,5.4054,1.0398,4.2973,0.6176,4.333333333,1.5205448819999998,6.7297,0.4502,5.1081,1.0484,2.3243,1.5821
dustpan,dustpan,container; tool,241.7765957,0.7985797481538461,0.7212311239285715,6.3514,1.1357,4.1081,1.0484,4.294117647,1.540053475,6.6216,1.0369,6.1351,1.1344,1.7297,0.9902
glass,glass,container,218.3958333,0.7572302811666667,0.8857026616153847,6.7632,0.4309,5.1842,0.9545,4.219512195,1.4579471030000002,6.6842,0.9036,6.5,0.8929,2.8421,1.8088
measuring_cup,measuring cup,container; kitchen tool; scientific equipment,204.9625,0.7825384001666666,0.7216208164615385,6.5,0.797,4.5789,0.9762,3.3863636360000005,1.543416764,6.8684,0.3426,6.3421,1.0724,1.6316,0.913
pan,pan,container,241.3333333,0.8016121567058824,0.9208952313333333,6.25,0.7071,4.6,0.8412,4.0,1.594260539,6.7,1.1368,6.075,1.0715,1.675,1.0473
piggy_bank,piggy bank,container,231.6195652,0.8148931778235294,0.8491114428333334,5.6842,1.0681,5.3947,0.9737,3.568181818,1.703590289,6.8947,0.3883,5.3684,1.1252,1.8158,1.3528
toolbox,toolbox,container,256.1162791,0.7596588526923077,0.7103551946428571,5.2308,1.0628,4.641,0.9594,4.133333333,1.516575089,6.6154,0.8465,5.3077,1.2387,1.7692,1.4042
wallet,wallet,container,204.5222222,0.8123368032142857,0.7974532863333333,6.7027,0.5199,5.0541,1.1291,3.681818182,1.624989836,6.8378,0.4418,6.5946,0.6438,2.0,1.2247
watering_can,watering can,container; garden tool; tool,246.047619,0.7706155739285715,0.7092484857333333,6.0,1.0,4.9459,0.9412,4.0425531910000005,1.667560661,6.5676,1.119,5.9189,1.3412,1.5946,0.7623
ice-cream_cone,ice-cream cone,dessert; food,200.0,0.847237716,0.797881203875,6.5676,0.6888,5.9459,1.1534,3.409090909,2.026776359,6.7027,0.6176,6.2973,0.8777,2.1892,1.4306
camera2,camera,electronic device,230.1046512,0.76118198275,0.7351382025384615,6.4324,0.8988,5.5946,1.1416,4.145833333,1.501624416,6.8649,0.3466,6.027,1.213,1.7297,1.0448
hairdryer,hairdryer,electronic device; home appliance; personal hygiene item,233.173913,0.8163056014666666,0.708901416125,6.6316,0.5891,4.5789,1.0301,4.155555556,1.223919849,6.6842,1.3578,6.5263,0.7255,1.3158,0.6619
iron,iron,electronic device; home appliance,233.7555556,0.7826940428235294,0.9135808954444445,6.5,0.6472,4.4211,1.0301,4.183673469,1.20196834,6.8158,0.4565,6.2105,1.1188,1.3684,0.7136
lamp,lamp,electronic device; home decor; lighting,256.9418605,0.7351849213846153,0.7685260000714286,5.7895,0.9052,5.4474,0.95,3.780487805,1.6809550130000002,6.6579,1.0973,5.8947,0.9526,1.8158,1.3122
laptop,laptop,electronic device,250.923913,0.7901874644000001,0.945160043125,6.3429,0.7648,5.4571,1.1966,4.212765957,1.5454867,6.9143,0.284,5.8857,1.0784,1.9714,1.6536
microphone,microphone,electronic device,216.4418605,0.7530886544666667,0.8853168075625,6.7368,0.4463,4.6316,0.9704,3.714285714,1.627293343,6.7895,0.8433,6.6053,0.6794,1.6316,1.1252
mouse2,mouse,electronic device,191.0434783,0.8111503345555556,0.9267834730526316,6.5,0.604,5.0263,1.0263,3.893617021,1.7097424490000002,6.7368,0.5543,6.4211,0.8263,1.7895,1.3184
radio,radio,electronic device,246.2222222,0.7403355243333334,0.894186318125,5.7436,0.9925,5.9231,0.8701,4.16,1.6457738080000002,6.8205,0.5064,5.7179,0.7929999999999999,1.7692,1.3468
remote_control,remote control,electronic device,214.4651163,0.7988643916923077,0.9720640179285714,6.8889,0.3187,4.8333,1.0556,4.085106383,1.5298449369999998,6.7222,0.7411,6.8056,0.5248,1.6944,1.1667
tablet,tablet,electronic device,230.8617021,0.7864178505384616,0.8095641461428571,6.4737,0.7255,5.5789,1.1302,4.086956522,1.761641746,6.7632,0.8522,6.3421,0.7453,1.2632,0.5032
toaster,toaster,electronic device; home appliance; kitchen appliance,247.2073171,0.7895540496428571,0.7324597841333333,6.0,0.8699,4.9474,0.7693,4.095238095,1.494861504,6.8158,0.4565,5.5526,1.2236,1.5,0.8621
rubber_band,rubber band,fastener; office supply,158.18085109999998,0.78288806575,0.802137559,6.6923,1.0299,4.3077,0.731,4.212765957,1.5594894680000002,6.7436,0.5486,6.8205,0.4514,1.8974,1.1424
zipper,zipper,fastener,178.0657895,0.7974675869166666,0.9588612367692307,6.3714,0.7311,4.6571,1.2113,3.744680851,1.495908697,6.9143,0.284,6.2,1.346,1.8286,1.3391
almond,almond,food,143.55681819999998,0.8203477294615384,0.8060197562857142,6.6,0.6039,5.6,1.3763,3.295454545,1.772916995,1.7714,1.7165,6.3143,0.8321,6.8,0.4058
apple,apple,food; fruit,199.8478261,0.8265585950833333,0.9203305681538462,6.7368,0.4463,6.0,1.0905,3.387755102,1.668536366,1.4474,1.2455,6.6579,0.4808,6.7895,0.4132
asparagus,asparagus,food; plant; vegetable,201.6511628,0.8175056244166666,0.7485527983076923,6.1316,0.8752,5.0789,1.3829,3.953488372,1.7036863169999998,1.6316,1.2175,5.8684,1.0698,6.6842,0.5253
avocado,avocado,food; fruit,198.4782609,0.8171612926875,0.8384465399411765,6.5676,0.6028,5.8108,1.2657,4.065217391,1.756286156,1.6216,1.277,6.2432,1.0383,6.6486,0.5383
banana,banana,food; fruit,221.5930233,0.8145355218461539,0.9850340135714285,6.8158,0.3929,5.6842,1.0681,3.545454545,1.970179374,1.4737,1.3899,6.7368,0.7235,6.7368,1.005
broccoli,broccoli,food; plant; vegetable,188.25,0.8510118784285714,0.9071974703333333,6.6757,0.626,5.0811,1.6052,3.641509434,1.90237038,1.6216,1.4014,6.5405,0.691,6.7568,0.5479999999999999
bun,bun,food,204.1744186,0.8458441288333334,0.7024865315384615,6.75,0.5,5.2778,1.344,3.651162791,1.900923597,6.5833,0.6492,6.6389,0.7232,2.9722,1.8744
cabbage,cabbage,food; plant; vegetable,230.6086957,0.8478824550769232,0.8410394286428572,6.1842,0.9545,5.1842,1.1355,3.777777778,1.92930615,1.5789,1.0813,5.8947,1.1807,6.7368,0.4463
carrot,carrot,food; vegetable,196.6627907,0.8543787945833333,0.9602704987692307,6.7568,0.4947,5.6216,0.9818,4.086956522,1.71043967,1.6486,1.4947,6.4324,0.8347,6.8108,0.3971
cashew,cashew,food,142.5,0.8324921152666668,0.808032442,6.8378,0.4418,5.8378,0.9864,3.86,1.484752436,1.6486,1.252,6.8378,0.4418,6.7297,0.5082
cauliflower,cauliflower,food; vegetable,213.5888889,0.841513309375,0.8510824960588235,6.275,0.8161,4.95,1.2393,4.177777778,1.5852858769999998,1.8,1.4884,6.075,0.9167,6.7,0.9923
chips,chips,food,178.0340909,0.8214570099166667,0.9044198448461539,6.6923,0.5208,5.6667,1.0596,4.11627907,1.867125398,6.6154,0.5901,6.4103,1.0691,2.9487,1.5035
coconut,coconut,food; fruit,225.2391304,0.81173110135,0.9794057793333334,6.2703,0.9324,5.9189,0.9539,3.47826087,1.5879984669999998,1.2162,0.8862,5.7838,1.3771,6.8649,0.4191
coffee_bean,coffee bean,food,130.8125,0.8453316839166667,0.8738861691538461,6.6,0.5531,5.8286,1.0142,3.745098039,1.671444133,2.0571,1.8302,6.4571,0.7005,6.6571,0.5913
corn,corn,food; plant; vegetable,182.3695652,0.8312369600588235,0.954828042388889,6.4474,0.6857,5.4737,1.1563,3.770833333,1.94869933,1.8158,1.4305,6.2895,0.8023,6.7632,0.4896
cucumber,cucumber,food; vegetable,217.1413043,0.8129841194375,0.921726721,6.5385,0.5547,5.2564,1.1634,3.78,1.865803979,1.4615,0.7555,6.4359,0.718,6.641,1.0634
eggplant,eggplant,food; vegetable,222.2888889,0.845509548,0.8447080653846153,6.4211,0.6831,5.1316,1.234,4.22,1.403930343,1.5263,1.0587,6.1842,0.8654,6.5263,0.6872
fruit,fruit,food; fruit,201.4204545,0.7737217678333334,0.9536741260769231,6.3158,0.6619,5.8947,0.9806,3.652173913,1.779105784,1.6842,1.2543,6.1316,0.9634,6.7105,0.6538
garlic,garlic,food; vegetable,163.3837209,0.8030209585833333,0.9550904977692307,6.5429,0.7413,5.2,1.2078,4.4,1.58687801,1.2,0.4058,6.3714,0.9727,6.8286,0.3824
hotdog,hotdog,food,210.6222222,0.8591645821666667,0.7685070773846154,6.7692,0.4846,5.3333,1.0842,4.469387755,1.815466432,6.5641,0.8521,6.6154,0.7114,2.3846,1.6798
kiwi,kiwi,food; fruit,182.7045455,0.8073218330833334,0.7568335322307692,6.6842,0.5745,5.8684,1.3187,3.448979592,1.937150232,1.2105,0.7036,6.6316,0.7857,6.8158,0.4565
lemon,lemon,food; fruit,191.0333333,0.76534468,0.8705851166153846,6.575,0.5943,5.45,1.3578,4.0425531910000005,1.601051921,1.575,1.3939,6.4,0.6718,6.7,0.7579
mushroom,mushroom,food,174.98863640000002,0.8291089998461539,0.8745820763571429,6.4857,0.6122,4.8286,1.5432,3.830188679,1.649427046,1.2571,0.8859,6.2,0.8677,6.8857,0.4038
noodle,noodle,food,168.0930233,0.8339457904615385,0.7465896884285714,5.7949,1.6572,5.4872,1.0481,4.117647058999999,1.681036095,6.3333,0.8983,5.2564,1.5512,3.359,1.7545
onion,onion,food; vegetable,201.8,0.7959273234,0.9802083333125,6.6111,0.5989,4.1944,1.4701,3.936170213,1.465609464,1.4444,1.0809,6.4722,0.6088,6.8056,0.4672
papaya,papaya,food; fruit,221.9891304,0.7894457845833333,0.7888261122307691,6.2432,0.8302,5.7568,0.9251,4.418604651,1.7352447080000002,1.3243,0.8836,5.9189,0.7951,6.8919,0.3933
peanut,peanut,food,142.9111111,0.8247722392142858,0.7921793348666667,6.8718,0.3387,5.6154,1.1149,3.833333333,1.52885525,1.641,1.5129,6.7179,0.887,6.6667,0.6213
pomegranate,pomegranate,food; fruit,208.8617021,0.8366151238333334,0.8443631217692308,6.6571,0.5913,5.6,1.1428,3.897959184,1.7108099680000002,1.2,0.4058,6.4286,0.6547,6.8571,0.43
potato,potato,food; vegetable,200.5,0.8559303258571429,0.9822222222000001,6.5676,0.5548,5.4054,1.2793,4.292682927,1.6162286730000002,1.4865,1.0441,6.3514,0.978,6.7838,0.4173
rice,rice,food,115.4130435,0.8286313621666667,0.9580909286153846,6.1026,1.2311,5.8974,0.9402,4.1428571430000005,1.760978505,2.9231,2.0311,5.8718,1.4542,6.359,0.8425
sugar_cube,sugar cube,food,141.2093023,0.84627638625,0.8720193206923077,6.6176,0.6038,5.4706,0.9919,3.450980392,1.700749546,5.6176,1.5766,6.5588,0.7046,4.0,1.891
sweet_potato,sweet potato,food; vegetable,208.2340426,0.8203779621666666,0.8113235578461538,6.6111,0.5989,5.1667,1.5766,3.784313725,1.640898845,1.6944,1.2608,6.5833,0.5,6.6389,0.6825
tomato,tomato,food; fruit; vegetable,194.5638298,0.7927523848571428,0.9710589791333334,6.6216,0.6391,5.7838,0.9468,3.25,1.863963244,1.8108,1.2436,6.4595,0.8026,6.4324,0.9586
vegetable,vegetable,food; vegetable,200.75,0.7770000976666667,0.7783630432499999,6.1892,1.0759,5.9189,0.9243,3.901960784,1.6882523740000002,1.5676,1.2143,6.1622,1.0142,6.8378,0.3737
walnut,walnut,food,160.75,0.785925233,0.7320552988571428,6.8056,0.4672,5.4167,1.2277,3.901960784,1.6882523740000002,1.2222,0.7216,6.6944,0.5767,6.75,0.8742
wheat,wheat,food,156.2195122,0.78076494975,0.8332968313076923,6.4324,0.6472,5.1351,1.0045,3.1555555560000004,1.84582521,1.8378,1.5548,6.4324,0.6888,6.7838,0.5341
chessboard,chessboard,game,250.0,0.7675769463333334,0.844280148,6.0278,1.0278,5.4444,1.0541,3.591836735,1.619135152,6.7778,0.4216,5.9167,1.079,2.0,1.1952
dice,dice,game,146.23809519999998,0.8124649853333333,0.931736492625,6.7949,0.4091,4.5385,0.8537,3.836734694,1.490902115,6.7949,0.5703,6.641,0.7776,1.5641,1.0207
yo-yo,yo-yo,game; toy,189.9431818,0.8031291448571428,0.7332988106666666,6.6,0.6945,5.4857,1.2217,3.826086957,1.877401843,6.8286,0.3824,6.4,0.9456,1.4571,0.78
charger,charger,hardware,194.0238095,0.7788679742857143,0.7290728517333334,6.6842,0.5745,4.7105,0.9839,4.404255319,1.439498319,6.5526,1.3294,6.4474,0.8913,1.2105,0.528
key,key,hardware,165.872093,0.7528491226842106,0.9817371364999999,6.8421,0.4366,4.2895,0.5151,4.155555556,1.551473721,6.8158,0.8336,6.7105,0.6939,1.5789,1.0813
lightbulb,lightbulb,hardware; lighting,192.9666667,0.7198429753333334,0.852077206875,6.5135,0.6507,5.1081,0.9364,3.960784314,1.53571852,6.8649,0.3466,6.4324,0.8347,1.3243,0.4746
plug,plug,hardware,170.9875,0.7963240186923077,0.7127521170714285,6.4737,0.6872,4.3684,0.8517,4.29787234,1.381789854,6.8684,0.3426,6.5,0.6472,1.4737,0.8297
thermometer,thermometer,hardware; scientific equipment,192.0581395,0.7638215336666666,0.7949324934615384,6.4167,0.9964,4.7222,0.9445,4.075471698,1.5793018980000002,6.8611,0.3507,6.4444,0.7725,1.6944,1.1419
abacus,abacus,home decor,241.7058824,0.7984847327142858,0.8108571389999999,5.4359,1.1424,4.7436,0.9925,4.081632653,1.777600615,6.8718,0.4091,5.5128,1.0481,2.2051,1.3607
curtain,curtain,home decor,303.9888889,0.7100570106666666,0.7047971636923076,6.1944,1.0091,5.0833,1.079,3.622222222,1.450531077,6.8056,0.4014,6.3333,0.8944,2.5,1.5399
frame,frame,home decor,262.6590909,0.7575586676666667,0.8439102563846154,6.1579,1.0274,4.8421,1.0533,4.02173913,1.4218787330000002,6.6316,0.7857,5.8947,1.2256,2.3684,1.5143
globe,globe,home decor,248.9555556,0.7653141375833333,0.9350966027692308,5.2222,1.1241,4.9444,0.9545,3.862745098,1.600245079,6.8056,0.4672,4.9722,1.3199,1.5278,0.8779
pinecone,pinecone,home decor,193.7738095,0.7624152205833333,0.7331446583846154,6.4359,0.7879,5.3077,1.0798,4.4,1.4846149780000002,1.3077,0.9502,6.3846,0.9351,6.8462,0.3655
necklace,necklace,jewelry,184.2325581,0.731943622,0.7435846935,6.5278,0.6088,5.9722,0.8447,3.760869565,1.791148392,6.8056,0.4672,6.3056,0.7491,2.4722,1.5581
funnel,funnel,kitchen tool; scientific equipment; tool,211.326087,0.7738879915,0.8915597223846153,6.7027,0.5708,4.4324,0.9292,3.934782609,1.388879227,6.7297,0.7691,6.6486,0.6332,1.3243,0.5799
peeler,peeler,kitchen tool; tool,197.744186,0.7998688085384615,0.7916582659285715,6.5714,0.6081,4.6857,1.0784,4.11627907,1.366422202,6.5143,1.1472,6.5429,0.7005,1.5714,1.0924
spoon,spoon,kitchen tool; tool,189.7738095,0.7994339682307692,0.9651277515,6.8919,0.3148,4.8649,0.9764,4.333333333,1.202977336,6.7568,0.863,6.8378,0.4418,1.5676,1.0939
timer,timer,kitchen tool; scientific equipment,201.627907,0.7653240139166666,0.7428943302307692,6.6667,0.5298,4.1026,1.2523,4.14893617,1.744291602,6.8718,0.5221,6.4359,0.9402,1.3077,0.4676
lighter,lighter,lighting; tool,177.79787230000002,0.8084400153333333,0.83818835775,6.725,0.5541,4.675,1.328,4.477272727,1.248042865,6.7,1.067,6.7,0.6076,1.35,0.7355
match,match,lighting; tool,151.9545455,0.828895590076923,0.7053070587857143,6.5789,0.6423,4.4211,0.7929,4.170212766000001,1.464346552,6.6053,0.9165,6.3684,0.9704,2.2368,1.5145
first-aid_kit,first-aid kit,medical equipment,237.27380950000003,0.7673022514166666,0.8370852876153846,6.4737,0.7618,4.7895,1.3588,4.11627907,1.5462597319999998,6.7368,0.8909,6.1579,1.0007,1.8421,1.1974
ice_pack,ice pack,medical equipment,206.5681818,0.8630705168333334,0.7198395873076924,6.0263,1.1965,4.6053,1.0011,4.094339623,1.98323891,6.7368,0.6011,6.0526,1.0641,2.2368,1.4966
inhaler,inhaler,medical equipment,186.1,0.8536416344166667,0.9021488632307691,6.7105,0.4596,4.3947,1.242,4.106382979,1.671162607,6.6316,1.0246,6.6053,0.5945,1.5789,1.056
stethoscope,stethoscope,medical equipment; scientific equipment,214.0232558,0.7935165266666666,0.9334502428461539,6.5263,0.7618,4.5789,1.0301,3.979166667,1.604376771,6.6053,0.8865,6.4211,0.9482,1.6842,1.2757
bagpipe,bagpipe,musical instrument,268.93478260000006,0.7654029442,0.7559541255,5.4865,1.0703,4.8649,1.4174,4.285714286,1.56619337,6.7838,0.4793,5.2432,1.2112,2.1892,1.4689
bell,bell,musical instrument,203.0425532,0.765718958,0.9732129298888889,5.1622,1.0412,5.2432,1.0112,4.239130435,1.551841667,6.7838,0.5838,5.1892,1.1264,1.7568,1.0905
guitar,guitar,musical instrument,276.7604167,0.7721659192352942,0.9060529838888889,6.0513,0.9986,5.8205,0.914,3.1363636360000005,1.773066049,6.8718,0.4091,5.8974,1.1875,2.1795,1.5021
horn,horn,musical instrument,227.4189189,0.7321185480833333,0.7132230702307693,6.0588,1.0993,4.3235,1.2485,4.425531915,1.6777920380000002,6.3824,1.5766,6.2353,0.8549,1.5882,0.8916
tambourine,tambourine,musical instrument,240.8604651,0.7710394670714286,0.7640539689333333,6.2727,1.1798,5.5152,1.1214,4.14,1.578038048,6.8788,0.4151,6.0303,1.4249,1.9394,1.144
trumpet,trumpet,musical instrument,257.9166667,0.7975258267499999,0.7179314671538461,5.7692,0.9587,5.3077,1.1275,3.895833333,1.94869933,6.641,0.9594,5.7179,1.0247,1.8462,1.0141
violin,violin,musical instrument,261.3043478,0.7876147806923076,0.8138889462142858,5.8947,0.8315,5.6579,1.4937,3.522727273,1.635203371,6.5526,0.9211,5.7632,1.0249,2.9474,1.4132
xylophone,xylophone,musical instrument,271.9268293,0.7992990325833333,0.7034646787692308,5.825,1.3376,5.875,1.0424,3.384615385,1.6937468169999998,6.825,0.3848,5.725,1.198,1.925,1.2888
punch2,punch,office supply; tool,211.53658540000004,0.8066298150714285,0.7360708142666667,6.75,0.5,4.4722,0.9098,4.346938776,1.465591752,6.9444,0.2323,6.5833,0.77,1.3056,0.6684
comb,comb,personal hygiene item,201.26923080000003,0.7976111143333333,0.8918087254615384,6.8889,0.3187,4.6944,0.9508,3.897959184,1.636114528,6.7778,0.7216,6.75,0.6036,1.3611,0.7617
eyeliner,eyeliner,personal hygiene item,185.05,0.8666035104166667,0.7465640952307692,6.5278,0.8447,5.0,1.331,3.976190476,1.6452162030000002,6.7778,0.5404,6.3333,0.8944,1.9167,1.2734
lipstick,lipstick,personal hygiene item,177.3409091,0.8329408260000001,0.9669685801538462,6.675,0.6558,5.425,0.8738,4.254901961,1.7982562359999998,6.875,0.3349,6.575,0.6751,2.575,1.4480000000000002
nail_polish,nail polish,personal hygiene item,172.0340909,0.848347905,0.9273443632666667,6.359,0.8425,5.5128,1.2327,4.181818182,1.6463169219999998,6.5128,1.374,5.8718,1.6572,1.8205,1.4118
soap,soap,personal hygiene item,192.5714286,0.8130962365,0.9242845829230769,5.4103,1.3711,5.7436,1.1634,3.864864865,1.718561449,6.4872,0.7208,5.5897,1.3122,3.5897,1.6498
toilet_paper,toilet paper,personal hygiene item,216.75,0.8163409984,0.8319374253809523,6.7568,0.5479999999999999,4.9189,1.2991,3.704545455,1.456014718,6.4595,1.2382,6.7297,0.5082,2.7027,1.7774
toothbrush,toothbrush,personal hygiene item,199.9659091,0.8097310624166667,0.866980895,6.7368,0.4463,4.8947,1.1099,3.653846154,1.51960541,6.7368,0.8601,6.7368,0.4463,1.8684,0.9056
toothpaste,toothpaste,personal hygiene item,198.7804878,0.8841353107857143,0.7998740054,5.8947,1.4666,5.1579,1.4431,3.930232558,1.791452574,6.5789,0.8893,5.7105,1.7539,2.3684,1.2395
toothpick,toothpick,personal hygiene item,145.4651163,0.8322919154666667,0.726053786875,6.5789,0.7581,4.1842,1.0096,3.822222222,1.641630133,6.4211,1.1539,6.4737,0.8617,4.6579,1.7748
bamboo,bamboo,plant,278.10606060000003,0.773110741625,0.9151271443529412,5.775,1.1655,5.3,1.1591,3.466666667,1.6039723419999998,1.35,1.231,5.8,1.1591,6.9,0.3038
grass,grass,plant,142.9428571,0.7720608757999999,0.95357799375,5.9167,1.079,5.5833,1.2277,2.956521739,1.763286348,1.4444,0.8765,5.8889,1.3262,6.8056,0.4672
kneepad,kneepad,protective clothing; safety equipment; sports equipment,219.3222222,0.8566659596875,0.824445093117647,6.5405,0.5052,4.3514,0.9194,4.25,1.511583184,6.4054,1.3429,6.4865,0.5588,1.7027,0.968
book,book,school supply,229.1704545,0.7579507691538462,0.9208158262857143,6.5385,0.7555,5.9744,1.0634,3.266666667,1.6975918769999998,6.8718,0.3387,6.5128,0.7564,2.4359,1.818
calculator,calculator,school supply; scientific equipment,211.0212766,0.8074446468571429,0.9638090954,6.5526,0.7952,4.8158,0.9545,3.954545455,1.52429237,6.8947,0.311,6.5263,0.7965,1.4211,0.7581
magnet,magnet,scientific equipment,162.3055556,0.8420985491666667,0.786383143,6.1579,0.8551,4.2368,0.7509999999999999,4.0,1.237705496,6.0,1.1855,6.0263,1.0777,4.0526,1.7698
microscope,microscope,scientific equipment,246.2702703,0.8026879044285715,0.9497370059333333,5.1351,1.3977,4.7027,1.0237,4.078431373,1.507887758,6.6757,1.0815,5.3243,1.156,1.5405,0.8365
scale,scale,scientific equipment,261.1477273,0.8024529943333333,0.852813206,5.1351,1.0045,4.2973,1.1753,4.098039216,1.25307465,6.7568,0.4947,5.2703,1.071,1.5946,1.1657
tape_measure,tape measure,scientific equipment; tool,204.1071429,0.8152644392857143,0.8605734344666666,6.5789,0.6423,4.8158,1.036,4.044444444,1.521894088,6.8421,0.4366,6.3158,0.8089,1.4211,0.7929
ball,ball,sports equipment; toy,208.8170732,0.7860352150625,0.8657466908235294,6.5,0.5575,5.5789,0.9192,3.5,1.6758611630000002,6.7105,1.011,6.0526,1.2509,1.4211,0.7929
bat2,bat,sports equipment; weapon,258.9347826,0.7302228323333334,0.8631886818125,6.5676,0.6472,4.4865,1.0171,4.16,1.776949921,6.7027,0.9087,6.4054,1.1416,2.3784,1.4014
bowling_ball,bowling ball,sports equipment,241.8913043,0.8316375781666667,0.7403670503684211,5.3889,1.2019,4.7778,1.0173,4.088888889,1.427366014,6.6944,0.7491,5.4722,1.2532,1.6667,0.9258
skateboard,skateboard,sports equipment; toy; vehicle,262.7659574,0.7950129670714287,0.9320521798666667,6.2051,0.9509,5.2051,1.0558,4.428571429,1.6329931619999998,6.641,1.0879,5.8718,1.3799,1.8205,1.1441
broom,broom,tool,269.8043478,0.80968804175,0.8558509415384615,6.5897,0.5486,4.4615,0.9692,4.145833333,1.557269615,6.641,0.9028,6.5128,0.5559,2.4872,1.4118
chopsticks,chopsticks,tool,199.9895833,0.8171752145000001,0.7658098249999999,6.1622,1.1906,5.0,1.2247,4.156862745,1.5410716919999998,6.7027,0.5199,6.1622,1.1429,3.4595,1.7094
duster,duster,tool,236.225,0.8010114208333333,0.7738668381538462,6.6486,0.6332,4.3243,0.9734,3.79245283,1.585493014,6.7027,0.6609999999999999,6.5946,0.599,2.027,1.3226
balloon,balloon,toy,235.8023256,0.79614193125,0.9692207584761905,6.3056,0.7863,5.9167,0.8742,3.772727273,1.668638721,6.6667,1.042,5.7778,1.2215,1.4167,0.9063
doll,doll,toy,231.5512821,0.8244231435333333,0.8637458529375,6.6216,0.5452,5.5676,1.0419,3.102040816,2.181789193,6.7838,0.8862,6.3514,0.7894,1.7568,1.2562
kite,kite,toy,257.5,0.8205776416428572,0.9551548397333334,6.027,1.0926,5.9459,1.0787,3.133333333,1.659682335,6.8108,0.3971,6.027,0.8329,1.9189,1.1396
scooter,scooter,toy; vehicle,293.0348837,0.7497670034375,0.7875466853529411,5.3143,1.3671,5.6286,1.0596,4.0,1.570068877,6.7429,0.5054,5.7429,1.01,1.6571,0.7648
