uniqueID,Word,cat53_string,size_mean,memorability_cr,recognizability,property_hold_mean,property_hold_SD,property_pleasant_mean,property_pleasant_SD,property_arousal_mean,property_arousal_SD,property_manmade_mean,property_manmade_SD,property_grasp_mean,property_grasp_SD,property_natural_mean,property_natural_SD,nameability,nameability_SE,SUBTLEX freq,ZipfSUBTLEX_en
can,can,container,211.96875,0.8,0.75,6.5789,0.5517,4.4211,1.0035,4.22,1.460919476,6.5263,1.2022,6.4474,0.7952,1.6316,0.9704,1.0,0.0,267620.0,6.71994839026642
money,money,,183.0128205,0.926829268,0.9375,6.6579,0.4808,5.3947,1.5341,4.0,1.916877306,6.8947,0.3883,6.5,0.6877,1.6842,0.9893,0.705882353,0.110510169,32679.0,5.806698582254281
woman,woman,,311.44444439999995,0.880952381,0.785714286,5.2105,1.3588,5.9737,0.8538,3.888888889,1.968181235,2.6842,2.1947,5.0,1.5067,6.5526,0.6017,0.666666667,0.111111111,22166.0,5.638117152800911
watch,watch,clothing accessory; jewelry,183.7934783,0.87804878,1.0,6.6923,0.4676,5.3333,1.1317,3.591836735,1.913965858,6.7692,0.9308,6.4872,0.6437,1.7179,0.9986,1.0,0.0,16831.0,5.518539743893337
hand,hand,body part,212.4767442,0.880952381,0.833333333,6.5789,0.7581,5.5789,1.1998,4.08,1.7242567169999998,1.8158,1.5571,6.4211,0.8893,6.4737,0.7255,1.0,0.0,14262.0,5.446610256013887
phone,phone,,214.9347826,0.842105263,0.95,6.8125,0.3966,5.3438,1.0957,4.06122449,1.546611394,6.8438,0.5741,6.5938,0.5599,1.5312,1.1635,1.0,0.0,13756.0,5.43092199105204
book,book,school supply,229.1704545,0.853658537,1.0,6.5385,0.7555,5.9744,1.0634,3.266666667,1.6975918769999998,6.8718,0.3387,6.5128,0.7564,2.4359,1.818,1.0,0.0,9026.0,5.247925153086191
hair,hair,body part,132.9423077,0.906976744,0.882352941,5.8,1.2649,5.625,1.0546,3.857142857,1.5,1.65,1.3117,6.075,1.1183,6.425,0.9306,1.0,0.0,7831.0,5.186247047869527
handle,handle,hardware,205.7209302,0.909090909,0.8,6.359,0.9028,4.3333,0.8057,3.936170213,1.389467451,6.641,1.0127,6.4103,0.8181,2.0769,1.2852,0.789473684,0.09352877,5529.0,5.0350764138408
ball,ball,sports equipment; toy,208.8170732,0.926829268,0.85,6.5,0.5575,5.5789,0.9192,3.5,1.6758611630000002,6.7105,1.011,6.0526,1.2509,1.4211,0.7929,1.0,0.0,5353.0,5.021027067285495
paper,paper,arts and crafts supply; office supply; school supply,224.1410256,0.85,0.846153846,6.7436,0.6373,4.6923,1.004,3.543478261,1.456121511,6.6923,0.9221,6.5385,0.8537,3.7436,1.758,0.944444444,0.053990295,5271.0,5.014322840117021
stick,stick,,231.2763158,0.804878049,0.733333333,6.425,0.6751,4.225,0.9997,4.458333333,1.287556375,1.375,0.8066,6.325,0.9711,6.675,0.7299,0.666666667,0.111111111,4953.0,4.98729815188452
bag,bag,container,242.2027027,0.95,0.933333333,6.5946,0.6438,5.1892,1.023,4.02173913,1.639635873,6.5135,1.3869,6.5676,0.6472,1.973,1.3014,0.8,0.089442719,4796.0,4.973308998328875
box,box,container,254.0625,0.9,0.916666667,5.4054,1.0398,4.2973,0.6176,4.333333333,1.5205448819999998,6.7297,0.4502,5.1081,1.0484,2.3243,1.5821,1.0,0.0,4577.0,4.953010736329363
dress,dress,clothing; women's clothing,279.6625,0.868421053,1.0,6.3333,0.8619,5.6389,0.9305,3.846153846,1.5889892630000002,6.6944,0.8559,6.2778,0.8489,2.3611,1.2907,1.0,0.0,4447.0,4.940496953350999
key,key,hardware,165.872093,0.825,1.0,6.8421,0.4366,4.2895,0.5151,4.155555556,1.551473721,6.8158,0.8336,6.7105,0.6939,1.5789,1.0813,1.0,0.0,4430.0,4.938833550125134
card,card,,188.7738095,0.902439024,0.8,6.8158,0.5626,4.8158,1.0096,4.195652174,1.5580552719999998,6.8158,0.6087,6.5526,0.8605,1.8158,1.2489,1.0,0.0,4357.0,4.931617383837818
radio,radio,electronic device,246.2222222,0.833333333,0.882352941,5.7436,0.9925,5.9231,0.8701,4.16,1.6457738080000002,6.8205,0.5064,5.7179,0.7929999999999999,1.7692,1.3468,0.882352941,0.07814249,3936.0,4.887484913661368
beer,beer,drink,219.25,0.853658537,0.888888889,5.25,1.73,4.9167,1.842,4.4130434780000005,1.557435027,6.6111,0.8028,4.9444,1.788,3.4722,1.6473,0.9,0.067082039,3850.0,4.877890553410564
tape,tape,arts and crafts supply; fastener; office supply,184.202381,0.875,0.714285714,6.6154,0.6734,4.7179,1.099,3.957446809,1.654472815,6.5897,1.2506,6.5385,0.7555,1.6667,1.0842,1.0,0.0,3511.0,4.837860653367414
cat,cat,animal; mammal,245.7435897,0.923076923,1.0,5.1795,1.3548,5.7949,1.0804,4.294117647,1.6648617680000002,1.1282,0.3387,5.0256,1.2458,6.2821,1.2128,1.0,0.0,3383.0,4.821731821690044
arm,arm,body part,255.27380950000003,0.804878049,0.714285714,5.8947,0.7983,5.1316,1.143,3.765957447,1.477553294,2.4474,2.1014,5.9474,0.8036,6.4737,1.0064,0.444444444,0.117121395,3336.0,4.815655865867765
film,film,,196.6309524,0.85,0.785714286,6.4103,0.8497,5.3846,1.0161,4.021276596,1.567181931,6.7179,0.9986,6.3846,0.8465,1.6923,1.004,0.7,0.102469508,3328.0,4.81461314152075
foot,foot,body part,226.64444440000003,0.897435897,0.769230769,5.7,1.0908,4.175,1.3183,4.022222222,1.644396669,1.775,1.6716,6.1,0.8102,6.675,0.6938,1.0,0.0,3311.0,4.812389004654132
hat,hat,clothing; clothing accessory; headwear,233.1976744,0.857142857,0.823529412,6.5833,0.6036,5.4722,1.1585,3.581395349,1.467627793,6.6667,0.7928,6.3889,0.7664,3.0556,1.7394,0.9,0.067082039,3273.0,4.807375829210068
chicken2,chicken,animal; farm animal,247.6770833,0.825,0.769230769,5.5135,1.1931,5.4054,0.9563,4.196078431,1.822301927,1.8378,1.3847,5.5135,1.3869,6.1622,1.0412,0.888888889,0.074074074,3148.0,4.790464547589091
glass,glass,container,218.3958333,0.904761905,1.0,6.7632,0.4309,5.1842,0.9545,4.219512195,1.4579471030000002,6.6842,0.9036,6.5,0.8929,2.8421,1.8088,0.894736842,0.0704059,3096.0,4.783230775912919
wine,wine,drink,233.2083333,0.925,0.789473684,5.0811,1.8466,5.7297,1.2394,3.617021277,1.7010634969999998,6.6486,0.6332,4.8649,2.0161,4.5135,1.8502,1.0,0.0,3078.0,4.780698439397524
pants,pants,clothing,269.30851060000003,0.904761905,0.846153846,6.7368,0.5032,5.3684,1.1009,3.904761905,1.79170887,6.6316,1.0761,6.6316,0.6334,2.5,1.4842,0.888888889,0.074074074,2996.0,4.768971632929492
camera1,camera,,213.8222222,0.926829268,0.95,6.2368,0.6752,5.0,1.0905,3.941176471,1.793452143,6.8421,0.3695,5.8684,1.0947,1.4474,0.9781,1.0,0.0,2907.0,4.755874855672492
leg,leg,body part,272.3809524,0.95,0.923076923,5.55,1.2184,5.55,1.1972,4.021276596,1.567181931,2.225,1.8326,5.775,1.2087,6.475,0.9055,1.0,0.0,2882.0,4.752123800380034
cross,cross,,215.8787879,0.95,0.888888889,5.6944,1.1909,4.8889,1.5816,3.632653061,1.965259499,6.6944,0.6684,5.6944,1.0642,2.5556,1.7476,0.888888889,0.074074074,2807.0,4.740672236536502
cup,cup,container,205.5555556,0.780487805,0.85,6.6667,0.5345,4.5278,0.9098,3.980392157,1.737701886,6.3333,1.3093,6.6111,0.5989,2.1389,1.4765,0.5,0.125,2634.0,4.713045594527829
bottle,bottle,container,223.0465116,0.888888889,0.769230769,6.3333,0.7009,4.7436,0.9925,3.791666667,1.725384118,6.7692,0.4846,6.2821,0.7236,1.8462,1.4607,1.0,0.0,2588.0,4.705394095898726
match,match,lighting; tool,151.9545455,0.926829268,0.857142857,6.5789,0.6423,4.4211,0.7929,4.170212766000001,1.464346552,6.6053,0.9165,6.3684,0.9704,2.2368,1.5145,1.0,0.0,2521.0,4.694002669578509
cream,cream,,188.18571430000003,0.930232558,0.8,5.6757,1.473,5.7297,0.9902,3.622222222,1.812693737,6.2432,1.0647,5.2162,1.9168,3.3784,1.7536,0.578947368,0.113268966,2484.0,4.687581415406607
shirt,shirt,clothing,260.3977273,0.853658537,0.857142857,6.7368,0.5032,5.4211,1.0813,3.558139535,1.868311251,6.8158,0.4565,6.6053,0.5945,2.5,1.4658,1.0,0.0,2365.0,4.666260968975895
blind,blind,,279.1489362,0.853658537,0.75,5.1622,1.6075,5.1351,1.1586,3.978723404,1.390798358,6.7297,1.0179,5.7027,1.2881,1.5946,1.0919,1.0,0.0,2337.0,4.66108853629429
tie,tie,clothing; clothing accessory,221.0121951,0.951219512,1.0,6.7027,0.5708,5.0811,1.382,3.266666667,1.826571552,6.7838,0.4793,6.6216,0.6391,2.027,1.1663,1.0,0.0,2266.0,4.647689729429442
file2,file,office supply,216.9705882,0.756097561,0.75,6.3143,0.9632,4.4,0.8812,4.081632653,1.396971944,6.7429,0.7413,6.2286,1.0025,1.8571,1.1413,0.833333333,0.087841046,2246.0,4.643839575827503
coat,coat,clothing; outerwear,274.8068182,0.902439024,0.769230769,6.3784,0.8612,5.3514,1.111,3.547619048,1.626043844,6.6757,0.6689,6.1892,0.9672,2.2703,1.4073,0.882352941,0.07814249,2146.0,4.624059541531996
block,block,,206.8214286,0.894736842,0.705882353,5.8333,1.0,4.5,0.7368,3.771428571,1.238730714,6.25,0.9373,5.6667,1.1464,3.6389,1.8846,1.0,0.0,2067.0,4.607770300529352
bell,bell,musical instrument,203.0425532,0.897435897,1.0,5.1622,1.0412,5.2432,1.0112,4.239130435,1.551841667,6.7838,0.5838,5.1892,1.1264,1.7568,1.0905,1.0,0.0,2006.0,4.594760752586463
cheese,cheese,dessert; food,196.9880952,0.833333333,0.75,6.1316,0.9056,5.7368,1.1783,3.911111111,1.662722606,6.2368,0.8833,5.9211,1.1942,4.7632,1.9373,1.0,0.0,1991.0,4.591501083929473
football,football,sports equipment,237.3777778,0.825,0.8,6.2857,0.825,4.9143,1.1725,3.959183673,1.657799541,6.8286,0.3824,5.9714,0.9231,2.3143,1.6409,1.0,0.0,1914.0,4.574371757342888
finger,finger,body part,178.7282609,0.95,0.818181818,6.4865,0.7311,5.2162,1.3361,4.0,1.3850513880000002,2.1081,1.8824,6.5405,0.6053,6.8108,0.5184,0.882352941,0.07814249,1870.0,4.564271430438563
jacket,jacket,clothing; outerwear,268.51162789999995,0.756097561,0.75,6.4615,0.7555,5.641,0.9028,3.926829268,1.602969805,6.7436,0.5946,6.1282,1.0558,2.1026,1.1424,0.736842105,0.101022618,1704.0,4.523899414332745
glasses,glasses,clothing accessory,205.9772727,0.904761905,1.0,6.7297,0.6078,5.3243,1.0555,3.88,1.6859563990000002,6.6757,0.8836,6.5405,0.7301,2.0541,1.4327,0.705882353,0.110510169,1689.0,4.520059473473072
ear,ear,body part,174.0425532,0.977272727,1.0,5.2895,1.7384,4.7895,1.2116,4.019230769,1.6388707809999998,2.0263,1.8958,5.7632,1.384,6.6316,0.5891,1.0,0.0,1632.0,4.505149978319906
map,map,,264.0795455,0.860465116,0.944444444,5.8718,1.196,5.3846,0.9898,3.74,1.468165592,6.5897,1.0187,6.0,1.0,2.5641,1.4831,1.0,0.0,1623.0,4.502748343728296
snow,snow,,107.1590909,0.875,0.769230769,5.4474,1.5013,5.1579,1.3858,3.333333333,1.814050755,1.3158,0.7391,5.3947,1.5516,6.6316,0.8517,1.0,0.0,1599.0,4.496278287648298
shoe,shoe,clothing; footwear,224.4347826,0.897435897,1.0,6.4,0.5531,5.2286,1.087,3.956521739,1.490063708,6.7714,0.426,6.1714,1.1242,2.2571,1.4821,0.4375,0.124019593,1550.0,4.482761522072355
punch2,punch,office supply; tool,211.53658540000004,0.875,0.933333333,6.75,0.5,4.4722,0.9098,4.346938776,1.465591752,6.9444,0.2323,6.5833,0.77,1.3056,0.6684,1.0,0.0,1514.0,4.472555699066118
painting,painting,,265.4861111,0.888888889,0.769230769,5.2432,1.1644,5.6757,1.5995,3.3125,2.054121441,6.8108,0.5695,5.3514,1.111,2.3514,1.3987,0.916666667,0.079785592,1489.0,4.46532452165424
wire,wire,arts and crafts supply; hardware,158.5294118,0.85,0.764705882,6.4737,0.7618,4.2632,1.0315,4.0,1.3984117980000002,6.7632,0.8833,6.1579,1.1277,1.4474,1.0577,0.888888889,0.074074074,1403.0,4.439487494930424
shoulder,shoulder,body part,228.7555556,0.906976744,0.75,5.2051,1.7649,5.4359,1.2731,3.956521739,1.591037701,2.0513,2.0513,5.8718,1.2603,6.4872,1.2539,0.444444444,0.117121395,1336.0,4.41823628204159
egg,egg,breakfast food; food,180.6829268,0.95,1.0,6.6571,0.5392,4.9143,1.2455,3.85106383,1.601340789,1.4,0.9762,6.4,0.9456,6.6571,0.4816,1.0,0.0,1328.0,4.415627898934062
plate,plate,,229.25,0.846153846,0.833333333,6.6486,0.484,5.1351,1.0318,3.978723404,1.60825806,6.7838,0.4173,6.5135,0.6507,2.3784,1.5519,0.789473684,0.09352877,1308.0,4.409037567890312
baseball,baseball,sports equipment,200.5,0.87804878,0.75,6.6053,0.6384,5.0263,1.1965,4.058823529,1.815618514,6.7632,0.4896,6.5,0.7623,1.8421,1.3661,1.0,0.0,1288.0,4.402345686925857
doll,doll,toy,231.5512821,0.902439024,1.0,6.6216,0.5452,5.5676,1.0419,3.102040816,2.181789193,6.7838,0.8862,6.3514,0.7894,1.7568,1.2562,1.0,0.0,1263.0,4.393833174457394
pen,pen,arts and crafts supply; office supply; school supply; tool,191.1309524,0.87804878,0.928571429,6.8857,0.4038,4.4571,0.6108,3.930232558,1.31647706,6.8571,0.4937,6.8286,0.4528,1.4,0.7746,0.941176471,0.057067206,1261.0,4.393144910475145
belt,belt,clothing; clothing accessory,239.1860465,0.95,1.0,6.6316,0.5413,4.6316,1.0246,4.020833333,1.4215601759999998,6.7368,0.4463,6.3947,1.2848,2.5263,1.5199,1.0,0.0,1242.0,4.386551419742625
apple,apple,food; fruit,199.8478261,0.952380952,0.9375,6.7368,0.4463,6.0,1.0905,3.387755102,1.668536366,1.4474,1.2455,6.6579,0.4808,6.7895,0.4132,1.0,0.0,1207.0,4.374137093999413
wallet,wallet,container,204.5222222,0.948717949,0.875,6.7027,0.5199,5.0541,1.1291,3.681818182,1.624989836,6.8378,0.4418,6.5946,0.6438,2.0,1.2247,0.789473684,0.09352877,1163.0,4.358009538630512
rope,rope,construction equipment; tool,245.29729730000005,0.897435897,0.894736842,5.825,1.035,4.075,0.797,4.261904762,1.4825739619999998,6.475,0.8767,5.85,1.0513,3.175,1.767,1.0,0.0,1158.0,4.356138383293481
sandwich,sandwich,breakfast food; food,217.2291667,0.857142857,0.866666667,6.425,0.9026,5.95,0.9594,3.916666667,1.899981336,6.6,0.5905,6.4,0.7089,3.15,1.8474,0.944444444,0.053990295,1118.0,4.340871627452469
fruit,fruit,food; fruit,201.4204545,0.9,1.0,6.3158,0.6619,5.8947,0.9806,3.652173913,1.779105784,1.6842,1.2543,6.1316,0.9634,6.7105,0.6538,0.95,0.048733972,1108.0,4.336969584294475
underwear,underwear,clothing,222.1630435,0.860465116,0.727272727,6.6316,0.7857,4.9474,1.2509,4.489361702,1.516178555,6.5526,1.0053,6.6579,0.7081,2.4474,1.4275,0.777777778,0.097990789,1105.0,4.335792101923193
bowl,bowl,container,224.9555556,0.853658537,1.0,6.4474,0.6857,4.7105,0.956,3.87755102,1.844277784,6.7895,0.4741,6.1316,0.8438,1.8684,1.018,1.0,0.0,1094.0,4.331447145899475
horn,horn,musical instrument,227.4189189,0.833333333,0.75,6.0588,1.0993,4.3235,1.2485,4.425531915,1.6777920380000002,6.3824,1.5766,6.2353,0.8549,1.5882,0.8916,0.666666667,0.111111111,1075.0,4.323838288153688
bat2,bat,sports equipment; weapon,258.9347826,0.853658537,0.866666667,6.5676,0.6472,4.4865,1.0171,4.16,1.776949921,6.7027,0.9087,6.4054,1.1416,2.3784,1.4014,0.555555556,0.117121395,1052.0,4.314445563719784
chip,chip,,127.6785714,0.904761905,0.888888889,6.1795,1.2539,4.1795,0.7564,4.0,1.465039748,6.8974,0.3074,6.1026,1.2523,1.3077,0.5208,0.5625,0.124019593,1051.0,4.314032539930306
butter,butter,condiment; food,193.6184211,0.944444444,0.722222222,5.4722,1.4038,5.7778,0.8656,3.9,1.865366408,5.6389,1.3126,5.0,1.5675,5.2778,1.0032,0.666666667,0.111111111,1042.0,4.31029754286557
bow1,bow,clothing; clothing accessory; fastener,157.3913043,0.925,0.75,6.7429,0.5054,5.6857,0.8668,3.936170213,1.537986478,6.8286,0.3824,6.6,0.7746,1.7429,1.01,1.0,0.0,1034.0,4.306950362659987
mouse2,mouse,electronic device,191.0434783,0.9,1.0,6.5,0.604,5.0263,1.0263,3.893617021,1.7097424490000002,6.7368,0.5543,6.4211,0.8263,1.7895,1.3184,1.0,0.0,975.0,4.2814344396006
cap,cap,,149.4375,0.925,0.857142857,6.7436,0.6373,4.359,0.7776,3.465116279,1.608738595,6.7692,0.9857,6.7179,0.5104,1.7179,1.4318,0.8,0.089442719,956.0,4.272887716178164
iron,iron,electronic device; home appliance,233.7555556,0.87804878,1.0,6.5,0.6472,4.4211,1.0301,4.183673469,1.20196834,6.8158,0.4565,6.2105,1.1188,1.3684,0.7136,1.0,0.0,915.0,4.253850917968512
flag,flag,,269.525641,0.880952381,1.0,6.2632,0.7235,4.5,0.7623,3.217391304,1.504261258,6.8158,0.5123,6.1579,0.8229,1.7368,1.1315,1.0,0.0,892.0,4.2427946782781865
salad,salad,food,221.2375,0.8,0.705882353,5.5263,1.3703,5.8684,0.9911,3.62,1.6889798880000002,5.4211,1.9677,5.3421,1.4571,5.8158,1.3922,0.947368421,0.051227817,868.0,4.230949549078556
toy,toy,toy,211.8658537,0.857142857,0.8,6.359,0.7066,6.0,0.8272,3.82,1.58680786,6.4872,1.2747,6.2821,0.7929999999999999,2.0769,1.1094,0.684210526,0.106639205,859.0,4.226422987733306
grass,grass,plant,142.9428571,0.925,0.857142857,5.9167,1.079,5.5833,1.2277,2.956521739,1.763286348,1.4444,0.8765,5.8889,1.3262,6.8056,0.4672,0.941176471,0.057067206,856.0,4.224903588579217
chips,chips,food,178.0340909,0.947368421,0.941176471,6.6923,0.5208,5.6667,1.0596,4.11627907,1.867125398,6.6154,0.5901,6.4103,1.0691,2.9487,1.5035,0.9375,0.060515365,828.0,4.210460160686944
crystal2,crystal,,161.6785714,0.717948718,0.818181818,5.3235,1.0067,5.8529,0.9888,4.5,1.54998033,3.3235,1.7875,5.1471,1.1046,5.7647,1.1297,0.764705882,0.102879368,823.0,4.207829659114333
dough,dough,food,216.1774194,0.902439024,0.833333333,5.7143,1.1265,5.4286,1.1952,3.934782609,1.5549515740000002,5.9143,1.4011,5.6571,1.1617,4.1143,1.8593,0.882352941,0.07814249,810.0,4.200914842780714
walker2,walker,,275.3571429,0.829268293,0.722222222,5.0541,1.2681,4.8919,0.8751,3.595744681,1.569541258,6.7297,0.8708,5.5676,0.8988,1.5135,0.7682,0.388888889,0.114904386,808.0,4.19984118467665
nut,nut,food,146.8372093,0.9,0.933333333,6.6053,0.7548,5.5,1.2892,3.928571429,1.813134426,1.9474,1.6595,6.5789,0.7215,6.6316,0.6334,1.0,0.0,797.0,4.193888145298176
guitar,guitar,musical instrument,276.7604167,0.902439024,0.785714286,6.0513,0.9986,5.8205,0.914,3.1363636360000005,1.773066049,6.8718,0.4091,5.8974,1.1875,2.1795,1.5021,0.888888889,0.074074074,795.0,4.192796952558534
sauce,sauce,condiment; food,178.5,0.8,0.733333333,5.5556,1.6465,5.5833,0.9964,4.333333333,1.595827894,6.4722,0.6964,5.2778,1.6837,3.5556,1.5389,0.736842105,0.101022618,795.0,4.192796952558534
net,net,,284.6756757,0.904761905,0.947368421,5.1212,1.3865,4.1515,0.3641,4.3125,1.503984071,6.5455,1.1481,5.3636,1.0252,2.2727,1.5865,0.941176471,0.057067206,793.0,4.191703011219667
makeup,makeup,personal hygiene item,182.3571429,0.87804878,0.75,6.0857,1.2455,5.0571,1.4541,4.291666667,1.797851357,6.8,0.4728,5.8,1.5492,2.4571,1.2682,0.9,0.067082039,790.0,4.190056915192505
badge,badge,,186.6585366,0.88372093,0.909090909,6.7297,0.5602,5.5135,1.4068,4.022727273,1.438484932,6.7568,0.4947,6.6757,0.5799,1.8649,1.1344,1.0,0.0,778.0,4.183409420891753
soap,soap,personal hygiene item,192.5714286,0.9,1.0,5.4103,1.3711,5.7436,1.1634,3.864864865,1.718561449,6.4872,0.7208,5.5897,1.3122,3.5897,1.6498,1.0,0.0,775.0,4.181731526408374
rice,rice,food,115.4130435,0.906976744,1.0,6.1026,1.2311,5.8974,0.9402,4.1428571430000005,1.760978505,2.9231,2.0311,5.8718,1.4542,6.359,0.8425,1.0,0.0,769.0,4.178356163703494
knee,knee,body part,207.525641,0.923076923,0.8125,5.6111,1.5171,4.8611,1.1989,3.755555556,1.170771998,1.9167,1.4808,5.9167,0.9673,6.7778,0.4847,1.0,0.0,749.0,4.16691164160153
corn,corn,food; plant; vegetable,182.3695652,0.926829268,1.0,6.4474,0.6857,5.4737,1.1563,3.770833333,1.94869933,1.8158,1.4305,6.2895,0.8023,6.7632,0.4896,1.0,0.0,725.0,4.152767830473057
brush,brush,tool,215.7826087,0.911111111,0.785714286,6.697,0.6366,5.1212,0.8572,3.680851064,1.603072905,6.7273,0.5741,6.6667,0.5951,1.9697,1.1855,0.888888889,0.074074074,722.0,4.150967021471702
towel,towel,,266.8369565,0.9,0.733333333,6.6857,0.5298,5.6286,1.0596,3.44,1.751500814,6.7429,0.4434,6.5143,0.8179,2.6,1.5941,0.823529412,0.092459441,722.0,4.150967021471702
frame,frame,home decor,262.6590909,0.833333333,0.8,6.1579,1.0274,4.8421,1.0533,4.02173913,1.4218787330000002,6.6316,0.7857,5.8947,1.2256,2.3684,1.5143,1.0,0.0,719.0,4.149158714284946
sweater,sweater,clothing,261.0232558,0.875,0.785714286,6.5143,0.7811,5.7143,1.0167,4.098039216,1.652330499,6.6286,1.1903,6.3143,0.9933,2.3714,1.308,1.0,0.0,704.0,4.140002483044176
crown,crown,clothing; headwear; jewelry,228.3452381,0.925,0.857142857,5.7838,0.9468,5.7568,0.9547,4.06122449,1.940877843,6.6216,1.0633,5.5676,1.0419,1.8378,1.3019999999999998,0.9375,0.060515365,698.0,4.136285246525224
tooth,tooth,body part,129.7666667,0.952380952,0.727272727,5.9211,1.1242,4.7895,1.2554,4.325581395,1.614236223,1.9211,1.6503,5.7632,1.2398,6.6842,0.5745,0.0,0.0,692.0,4.132535918358822
gum,gum,candy; food,145.7195122,0.853658537,0.769230769,6.6667,0.6623,5.7949,0.9509,3.941176471,1.554500109,6.7179,0.5104,6.5641,0.7879,2.3333,1.3245,0.85,0.079843597,683.0,4.1268505275835965
suitcase,suitcase,container,271.6595745,0.85,0.785714286,5.1842,1.3327,4.5,0.9515,3.729166667,1.620868999,6.9474,0.2263,5.7105,1.011,1.6316,1.0246,0.684210526,0.106639205,683.0,4.1268505275835965
shell3,shell,,184.2564103,0.868421053,0.7,6.3889,0.8376,5.0,1.1711,4.096153846,1.575045787,1.3056,0.6684,6.25,0.9964,6.5278,1.1335,0.894736842,0.0704059,674.0,4.121089720437384
basket,basket,container,252.7888889,0.853658537,0.9375,6.359,0.6684,5.3077,1.004,3.734693878,1.454526129,6.641,0.5843,6.3333,0.8377,3.9487,1.8771,1.0,0.0,672.0,4.119799096955889
lamp,lamp,electronic device; home decor; lighting,256.9418605,0.825,0.933333333,5.7895,0.9052,5.4474,0.95,3.780487805,1.6809550130000002,6.6579,1.0973,5.8947,0.9526,1.8158,1.3122,1.0,0.0,657.0,4.109995193461844
chin,chin,body part,179.65476189999998,0.904761905,0.857142857,5.5833,0.9673,4.25,0.9964,4.1,1.373956004,2.4722,2.1312,5.9167,0.9063,6.6667,0.5855,0.9375,0.060515365,647.0,4.103334104570764
battery,battery,,170.25555559999998,0.860465116,1.0,6.5641,0.6405,4.4103,1.0442,3.836734694,1.448374646,6.8462,0.3655,6.4359,0.8824,1.5128,0.9699,1.0,0.0,633.0,4.093833533919419
peanut,peanut,food,142.9111111,0.88372093,0.866666667,6.8718,0.3387,5.6154,1.1149,3.833333333,1.52885525,1.641,1.5129,6.7179,0.887,6.6667,0.6213,0.944444444,0.053990295,630.0,4.091770373355645
pan,pan,container,241.3333333,0.902439024,0.75,6.25,0.7071,4.6,0.8412,4.0,1.594260539,6.7,1.1368,6.075,1.0715,1.675,1.0473,0.473684211,0.114548882,627.0,4.08969736473278
lemon,lemon,food; fruit,191.0333333,0.860465116,1.0,6.575,0.5943,5.45,1.3578,4.0425531910000005,1.601051921,1.575,1.3939,6.4,0.6718,6.7,0.7579,1.0,0.0,613.0,4.079890298420478
clay,clay,arts and crafts supply,184.6,0.926829268,0.769230769,6.0,1.029,4.7714,1.2387,3.934782609,1.638456915,3.6,1.8818,5.6857,1.2549,5.7429,1.221,0.894736842,0.0704059,612.0,4.079181246047625
thumb,thumb,body part,161.74468090000002,0.928571429,0.833333333,6.45,0.7494,5.15,1.5115,3.977777778,1.373265665,2.2,2.1388,6.45,0.7828,6.775,0.4797,0.944444444,0.053990295,603.0,4.072747136042215
ham,ham,breakfast food; food,234.7826087,0.769230769,0.714285714,5.4737,1.0329,5.3158,1.2326,4.229166667,1.789325123,3.7368,2.0623,5.5526,1.2236,5.3158,1.5957,1.0,0.0,591.0,4.064017304783319
photograph,photograph,,218.8837209,0.9,0.8,6.8421,0.4366,5.5526,1.2013,3.5111111110000004,1.700564375,6.7105,0.5651,6.7105,0.6111,2.2895,1.5923,0.105263158,0.0704059,579.0,4.0551083876295
potato,potato,food; vegetable,200.5,0.951219512,1.0,6.5676,0.5548,5.4054,1.2793,4.292682927,1.6162286730000002,1.4865,1.0441,6.3514,0.978,6.7838,0.4173,1.0,0.0,576.0,4.052852307325276
nest,nest,,216.7674419,0.975609756,1.0,5.4167,1.2507,5.6111,1.0496,3.760869565,1.580221962,1.5556,1.0809,5.3889,1.1778,6.3333,1.0954,1.0,0.0,566.0,4.045246255090335
bra,bra,clothing; women's clothing,228.9333333,0.945945946,0.952380952,6.5714,0.6081,4.2571,1.7037,4.333333333,1.602303307,6.8571,0.355,6.4,1.0059,1.9714,1.3824,1.0,0.0,557.0,4.038285019075793
banana,banana,food; fruit,221.5930233,0.925,0.933333333,6.8158,0.3929,5.6842,1.0681,3.545454545,1.970179374,1.4737,1.3899,6.7368,0.7235,6.7368,1.005,1.0,0.0,547.0,4.030417150235494
collar,collar,,210.8214286,0.825,0.846153846,6.4737,0.6872,4.1053,0.8941,4.270833333,1.316662178,6.6579,0.5825,6.3684,1.0761,1.8158,1.0617,1.0,0.0,536.0,4.021594613594834
dice,dice,game,146.23809519999998,0.926829268,1.0,6.7949,0.4091,4.5385,0.8537,3.836734694,1.490902115,6.7949,0.5703,6.641,0.7776,1.5641,1.0207,0.625,0.12103073,533.0,4.019157032928636
plug,plug,hardware,170.9875,0.947368421,0.785714286,6.4737,0.6872,4.3684,0.8517,4.29787234,1.381789854,6.8684,0.3426,6.5,0.6472,1.4737,0.8297,1.0,0.0,531.0,4.017524344983533
curtain,curtain,home decor,303.9888889,0.8,0.866666667,6.1944,1.0091,5.0833,1.079,3.622222222,1.450531077,6.8056,0.4014,6.3333,0.8944,2.5,1.5399,1.0,0.0,525.0,4.01258912730802
brick,brick,,228.5444444,0.951219512,1.0,5.275,1.5687,4.0,1.0377,4.1,1.549193338,6.65,0.5335,5.35,1.3502,2.925,1.6075,1.0,0.0,519.0,4.007597181750521
glove,glove,clothing; clothing accessory; outerwear; protective clothing,217.2222222,0.925,0.75,6.8205,0.3888,4.8462,0.9608,3.846153846,1.6964162390000002,6.7436,0.7511,6.6667,0.5774,1.8974,1.2936,1.0,0.0,515.0,4.004237052943255
envelope,envelope,office supply,215.0108696,0.902439024,0.722222222,6.8158,0.5626,4.6316,0.7136,4.229166667,1.691525603,6.4737,0.7618,6.5789,1.0813,2.5789,1.4451,1.0,0.0,513.0,4.00254718901388
skirt,skirt,clothing; women's clothing,256.3586957,0.9,0.923076923,6.6154,0.7114,5.7436,1.0935,3.588235294,1.577041161,6.7179,0.8255,6.4359,0.8521,2.5385,1.6519,0.85,0.079843597,508.0,3.998293536185983
pencil,pencil,arts and crafts supply; office supply; school supply; tool,195.6590909,0.902439024,1.0,6.75,0.5,4.9444,0.9545,3.765957447,1.417480403,6.6389,0.6825,6.6111,0.5989,3.1667,1.7321,1.0,0.0,503.0,3.993997808957991
coin,coin,,146.32291669999998,0.902439024,1.0,6.6053,0.6384,5.4737,1.2022,3.653846154,1.667269876,6.6842,1.0162,6.2105,0.9907,1.9474,1.4322,0.941176471,0.057067206,497.0,3.988786212635396
necklace,necklace,jewelry,184.2325581,0.926829268,0.75,6.5278,0.6088,5.9722,0.8447,3.760869565,1.791148392,6.8056,0.4672,6.3056,0.7491,2.4722,1.5581,0.842105263,0.083654675,497.0,3.988786212635396
scale,scale,scientific equipment,261.1477273,0.951219512,0.764705882,5.1351,1.0045,4.2973,1.1753,4.098039216,1.25307465,6.7568,0.4947,5.2703,1.071,1.5946,1.1657,1.0,0.0,485.0,3.9781715625043272
helmet,helmet,construction equipment; headwear; protective clothing; safety equipment; sports equipment,241.3333333,0.871794872,1.0,6.3846,0.7114,4.2564,1.0935,4.392156863,1.524184128,6.6667,0.8983,6.1026,0.8206,1.4615,0.7896,0.941176471,0.057067206,483.0,3.976376954653576
shorts,shorts,clothing,244.3953488,0.906976744,0.733333333,6.5,1.0332,5.3158,1.2967,3.95,1.535060343,6.5263,1.2678,6.4211,1.056,2.3158,1.6292,1.0,0.0,480.0,3.973671061277651
sock,sock,clothing; footwear,213.7439024,0.904761905,1.0,6.8158,0.4565,5.1316,1.143,3.888888889,1.318094738,6.7105,0.7318,6.6579,0.7081,2.2632,1.4646,1.0,0.0,458.0,3.953295301905933
lighter,lighter,lighting; tool,177.79787230000002,0.925,1.0,6.725,0.5541,4.675,1.328,4.477272727,1.248042865,6.7,1.067,6.7,0.6076,1.35,0.7355,1.0,0.0,457.0,3.9523460239719137
lipstick,lipstick,personal hygiene item,177.3409091,0.894736842,0.933333333,6.675,0.6558,5.425,0.8738,4.254901961,1.7982562359999998,6.875,0.3349,6.575,0.6751,2.575,1.4480000000000002,0.933333333,0.064406119,449.0,3.944676164905387
pepper1,pepper,food,113.8,0.7,0.722222222,6.425,0.8738,4.975,0.9195,4.204545455,1.456014718,6.825,0.3848,6.325,0.8883,2.3,1.5392,0.315789474,0.106639205,449.0,3.944676164905387
balloon,balloon,toy,235.8023256,0.897435897,1.0,6.3056,0.7863,5.9167,0.8742,3.772727273,1.668638721,6.6667,1.042,5.7778,1.2215,1.4167,0.9063,1.0,0.0,442.0,3.937852093251156
wig,wig,headwear,232.0909091,0.95,0.818181818,6.5143,0.7017,4.7143,1.1523,3.9,1.335894975,6.8,0.4728,6.4286,0.6547,2.3714,1.3738,0.947368421,0.051227817,426.0,3.921839423004783
jar,jar,container,216.9787234,0.743589744,0.75,6.2432,0.7959999999999999,4.8919,0.8751,3.85106383,1.628265594,6.5405,1.2822,6.027,1.1663,1.7568,1.2562,0.941176471,0.057067206,424.0,3.919795680494796
cape,cape,clothing; outerwear,275.952381,0.8,0.75,6.3889,0.6449,4.8333,1.1588,4.173076923,1.72321125,6.6389,0.5929,6.1389,0.8669,2.3611,1.5519999999999998,0.75,0.108253175,420.0,3.915679114299964
shield,shield,safety equipment,273.2906977,0.923076923,0.842105263,5.1892,1.4689,4.3784,1.0097,4.3863636360000005,1.617001375,6.6757,0.7474,5.4324,1.4052,1.9189,1.1396,0.894736842,0.0704059,418.0,3.9136061056770983
hose,hose,garden tool; hardware; tool,274.4878049,0.75,0.705882353,5.8649,1.1823,4.0541,0.9412,4.270833333,1.3951219469999998,6.8919,0.3148,5.9459,1.0527,1.5405,0.9887,0.875,0.082679728,411.0,3.906271645778133
tray,tray,,249.5243902,0.804878049,0.823529412,6.4571,0.6572,4.4857,0.8869,3.891304348,1.464062246,6.5429,1.221,6.3429,0.7648,1.7429,0.9805,0.944444444,0.053990295,410.0,3.905213680621799
bracelet2,bracelet,clothing accessory; jewelry,186.0714286,0.875,0.8125,6.675,0.5256,5.65,1.122,3.866666667,1.700267359,6.725,0.5986,6.525,0.8161,2.125,1.2848,1.0,0.0,398.0,3.892312895975752
spoon,spoon,kitchen tool; tool,189.7738095,0.880952381,0.947368421,6.8919,0.3148,4.8649,0.9764,4.333333333,1.202977336,6.7568,0.863,6.8378,0.4418,1.5676,1.0939,1.0,0.0,388.0,3.881261549496271
seed,seed,,118.125,0.891891892,0.894736842,6.6111,0.7281,5.3056,1.1419,3.657894737,1.400314941,1.5833,1.339,6.5556,0.8433,6.6389,1.0994,0.882352941,0.07814249,386.0,3.8790171285738175
trophy,trophy,,241.6111111,0.921052632,0.866666667,5.5263,0.7255,5.8684,1.1664,4.066666667,1.6569413219999998,6.6579,1.0724,5.6053,0.8233,1.8684,1.018,1.0,0.0,385.0,3.877890553410564
umbrella,umbrella,,263.61956519999995,0.860465116,1.0,6.5385,0.6823,5.3077,1.0552,4.0,1.821587719,6.7692,0.8417,6.6154,0.6734,1.5641,1.0953,1.0,0.0,382.0,3.8744931868137726
olive,olive,food,145.80681819999998,0.902439024,0.944444444,6.5641,0.598,5.1795,1.3548,4.208333333,1.623737917,1.4359,0.9946,6.3333,0.9272,6.4872,0.7208,0.882352941,0.07814249,375.0,3.866461091629783
razor,razor,personal hygiene item; tool,186.1136364,0.9,0.818181818,6.359,0.9315,4.2564,1.1858,4.4117647060000005,1.430754634,6.7436,0.8497,6.3846,0.7475,1.4872,0.6437,1.0,0.0,351.0,3.837736940367888
bolt,bolt,fastener; hardware,149.79166669999998,0.875,0.75,6.3158,0.8417,4.1053,0.5594,4.450980392,1.553238237,6.7368,0.6445,6.1579,0.8551,2.2368,1.3035,0.625,0.12103073,351.0,3.837736940367888
bean,bean,food,131.5425532,0.875,0.785714286,6.65,0.5335,4.925,1.0952,4.104166667,1.574255425,1.475,0.9604,6.425,0.7472,6.75,0.4935,0.789473684,0.09352877,349.0,3.8352552508612434
sponge,sponge,,197.4761905,0.925,0.882352941,6.4865,0.6507,4.7027,0.9388,3.666666667,1.6155274919999998,3.4054,2.3029,6.2973,0.7403,5.1351,2.1623,0.947368421,0.051227817,342.0,3.826455929958199
feather,feather,,180.5348837,0.906976744,0.866666667,6.675,0.5723,5.6,1.0077,2.930232558,1.709850298,1.325,1.0225,6.5,0.8473,6.55,0.6775,1.0,0.0,338.0,3.8213465241797184
jeans,jeans,clothing,268.9886364,0.897435897,0.846153846,6.5,0.5067,5.7632,0.9425,4.106382979,1.4778663019999998,6.5789,1.0301,6.3684,0.7505,2.5789,1.6867,0.8125,0.097578094,337.0,3.8200597247734014
ginger,ginger,condiment; food,173.26388889999998,0.95,0.846153846,6.5385,0.7896,5.2821,0.9162,4.088888889,1.578581386,1.5641,1.1652,6.3333,0.8983,6.8205,0.4514,0.894736842,0.0704059,327.0,3.8069775765623497
timer,timer,kitchen tool; scientific equipment,201.627907,0.902439024,0.875,6.6667,0.5298,4.1026,1.2523,4.14893617,1.744291602,6.8718,0.5221,6.4359,0.9402,1.3077,0.4676,1.0,0.0,319.0,3.7962205069592447
straw2,straw,,183.4943182,0.875,0.909090909,6.7368,0.6851,4.4737,0.8297,3.882352941,1.57031282,6.7368,1.005,6.3421,1.2793,1.2895,0.6538,1.0,0.0,318.0,3.794856943886496
comb,comb,personal hygiene item,201.26923080000003,0.926829268,1.0,6.8889,0.3187,4.6944,0.9508,3.897959184,1.636114528,6.7778,0.7216,6.75,0.6036,1.3611,0.7617,0.95,0.048733972,309.0,3.7823883033268975
garlic,garlic,food; vegetable,163.3837209,0.95,0.9375,6.5429,0.7413,5.2,1.2078,4.4,1.58687801,1.2,0.4058,6.3714,0.9727,6.8286,0.3824,1.0,0.0,306.0,3.778151250383644
poster,poster,home decor,266.3536585,0.902439024,0.714285714,6.3429,0.9056,4.9714,1.0142,4.069767442,1.653212584,6.7429,0.6108,6.1429,1.1413,1.8,0.9641,0.631578947,0.110664733,305.0,3.7767296632488496
brake,brake,part of car,217.972973,0.744186047,0.833333333,5.0541,1.5446,4.5676,0.8347,4.418604651,1.546617787,6.9459,0.2292,5.0541,1.3529,1.4324,0.6888,0.333333333,0.111111111,305.0,3.7767296632488496
banner,banner,,296.6097561,0.820512821,0.714285714,5.2,1.2649,4.25,0.7425,4.2826086960000005,1.470646773,6.725,0.5057,5.25,1.2352,1.725,1.1091,0.631578947,0.110664733,302.0,3.7724367668592143
stamp1,stamp,,152.4130435,0.902439024,0.75,6.5641,0.8206,4.8718,0.8639,3.641509434,1.733097933,6.8205,0.4514,6.3333,0.9823,1.6154,0.9629,0.875,0.082679728,302.0,3.7724367668592143
tomato,tomato,food; fruit; vegetable,194.5638298,0.923076923,1.0,6.6216,0.6391,5.7838,0.9468,3.25,1.863963244,1.8108,1.2436,6.4595,0.8026,6.4324,0.9586,1.0,0.0,301.0,3.770996319495907
glue,glue,arts and crafts supply; office supply; school supply,192.625,0.926829268,0.7,5.6944,1.5084,4.2778,0.9743,4.192307692,1.609268029,6.6389,1.0731,5.3333,1.7728,2.1944,1.4307,1.0,0.0,300.0,3.769551078621726
wheat,wheat,food,156.2195122,0.902439024,0.928571429,6.4324,0.6472,5.1351,1.0045,3.1555555560000004,1.84582521,1.8378,1.5548,6.4324,0.6888,6.7838,0.5341,0.944444444,0.053990295,293.0,3.759297444256173
vegetable,vegetable,food; vegetable,200.75,0.880952381,0.866666667,6.1892,1.0759,5.9189,0.9243,3.901960784,1.6882523740000002,1.5676,1.2143,6.1622,1.0142,6.8378,0.3737,0.944444444,0.053990295,291.0,3.756322812887971
marker,marker,arts and crafts supply; school supply; tool,189.9146341,0.875,1.0,6.8056,0.4014,5.1111,1.0896,4.06,1.811640366,6.6944,0.5767,6.4167,1.2956,1.4167,0.6492,0.631578947,0.110664733,267.0,3.718941085266639
marble,marble,arts and crafts supply; toy,142.1555556,0.837209302,0.769230769,6.7297,0.5082,5.1081,1.0484,3.794871795,1.989174481,6.5405,1.1449,6.5676,0.728,2.2703,1.3672,0.9,0.067082039,266.0,3.7173114605331303
globe,globe,home decor,248.9555556,0.902439024,1.0,5.2222,1.1241,4.9444,0.9545,3.862745098,1.600245079,6.8056,0.4672,4.9722,1.3199,1.5278,0.8779,1.0,0.0,266.0,3.7173114605331303
leaf,leaf,,182.3255814,0.863636364,0.941176471,6.7568,0.4947,5.8919,0.8427,3.26,1.663657147,1.0811,0.2767,6.6486,0.6332,6.9459,0.2292,1.0,0.0,265.0,3.715675697838872
thread,thread,arts and crafts supply,132.7261905,0.897435897,0.842105263,6.3846,1.0161,4.8205,1.0481,3.70212766,1.768257477,6.2821,0.8568,6.2308,1.0377,3.0,1.6384,0.666666667,0.111111111,263.0,3.712385572391821
toothbrush,toothbrush,personal hygiene item,199.9659091,0.9,0.916666667,6.7368,0.4463,4.8947,1.1099,3.653846154,1.51960541,6.7368,0.8601,6.7368,0.4463,1.8684,0.9056,0.888888889,0.074074074,255.0,3.6989700043360183
fuse,fuse,,149.872093,0.833333333,0.933333333,6.4857,0.6585,4.3143,0.7183,4.319148936,1.547879096,6.7143,1.073,6.1714,0.8220000000000001,1.7143,0.9258,0.526315789,0.114548882,248.0,3.68688150472828
broom,broom,tool,269.8043478,0.925,0.769230769,6.5897,0.5486,4.4615,0.9692,4.145833333,1.557269615,6.641,0.9028,6.5128,0.5559,2.4872,1.4118,1.0,0.0,243.0,3.678036097500376
violin,violin,musical instrument,261.3043478,0.886363636,0.857142857,5.8947,0.8315,5.6579,1.4937,3.522727273,1.635203371,6.5526,0.9211,5.7632,1.0249,2.9474,1.4132,0.944444444,0.053990295,242.0,3.676245189882495
scarf,scarf,clothing; clothing accessory; outerwear,241.3142857,0.897435897,0.933333333,6.7949,0.4091,5.6923,1.1039,4.063829787,1.552056915,6.7949,0.469,6.7692,0.4846,2.5385,1.8331,1.0,0.0,239.0,3.670827724850201
notebook,notebook,office supply; school supply,235.6666667,0.8,0.714285714,6.6579,0.4808,4.9474,1.0641,3.333333333,1.58113883,6.5,1.1566,6.5,0.604,2.6316,1.5669,1.0,0.0,235.0,3.6634976861738
coconut,coconut,food; fruit,225.2391304,0.925,1.0,6.2703,0.9324,5.9189,0.9539,3.47826087,1.5879984669999998,1.2162,0.8862,5.7838,1.3771,6.8649,0.4191,1.0,0.0,234.0,3.661645681312207
microphone,microphone,electronic device,216.4418605,0.891891892,1.0,6.7368,0.4463,4.6316,0.9704,3.714285714,1.627293343,6.7895,0.8433,6.6053,0.6794,1.6316,1.1252,0.888888889,0.074074074,232.0,3.657917808792963
squash,squash,food; vegetable,227.03191490000003,0.717948718,0.875,6.3947,0.6794,5.3158,1.2326,3.5510204080000003,1.528360021,1.4737,0.9792,6.1316,0.9634,6.7895,0.4741,0.722222222,0.105571799,223.0,3.640734686950224
sushi,sushi,food,176.11904760000002,0.926829268,0.789473684,6.4211,0.8584,5.3421,1.632,4.244897958999999,1.714285714,6.1579,0.8229,6.3158,0.8417,4.9737,1.5507,0.944444444,0.053990295,222.0,3.638782798352702
tackle,tackle,,168.1153846,0.804878049,0.769230769,6.0541,1.1291,4.2432,1.0905,4.1,1.568178457,6.7568,0.5479999999999999,5.7297,1.6098,1.9459,1.4897,0.176470588,0.092459441,219.0,3.632873938742182
mold1,mold,arts and crafts supply; container,143.2727273,0.714285714,0.75,5.8462,1.1594,4.7436,0.8497,4.06122449,1.663432236,6.6923,0.5691,5.8974,1.071,1.6923,0.8631,0.421052632,0.113268966,219.0,3.632873938742182
triangle,triangle,musical instrument,203.1176471,0.842105263,0.764705882,6.6923,0.6136,5.1795,1.1892,3.956521739,1.475074714,6.7692,0.6267,6.4872,0.7905,1.5128,0.7208,0.947368421,0.051227817,218.0,3.630886317506668
onion,onion,food; vegetable,201.8,0.875,1.0,6.6111,0.5989,4.1944,1.4701,3.936170213,1.465609464,1.4444,1.0809,6.4722,0.6088,6.8056,0.4672,0.947368421,0.051227817,216.0,3.6268835750529935
pasta,pasta,food,174.4659091,0.975609756,0.9375,5.6486,1.6367,6.0,1.1547,4.102040816000001,1.851180906,6.6216,0.7208,5.4865,1.6094,3.3243,1.7804,0.611111111,0.114904386,216.0,3.6268835750529935
handkerchief,handkerchief,clothing accessory,215.8846154,0.725,0.727272727,6.8947,0.311,5.0789,1.0235,3.625,1.829137688,6.7105,0.7318,6.7105,0.6538,2.1053,1.4102,0.526315789,0.114548882,214.0,3.6228435972512543
trumpet,trumpet,musical instrument,257.9166667,0.902439024,0.769230769,5.7692,0.9587,5.3077,1.1275,3.895833333,1.94869933,6.641,0.9594,5.7179,1.0247,1.8462,1.0141,0.941176471,0.057067206,210.0,3.614649118635983
compass,compass,,189.4545455,0.833333333,0.928571429,6.6,0.6508,5.2,0.9641,4.0,1.6290629680000002,6.8,0.4058,6.4857,0.7425,2.1429,1.3535,0.941176471,0.057067206,207.0,3.6084001693589816
domino,domino,game,170.9680851,0.813953488,0.75,6.6667,0.7928,4.6944,1.1419,3.75,1.619428609,6.7778,0.5404,6.6111,0.7664,1.5556,0.9394,1.0,0.0,205.0,3.604183684957818
clam,clam,animal; food; sea animal; seafood,183.8522727,0.804878049,0.785714286,6.6216,0.594,4.4595,1.5563,3.918367347,1.5252968930000002,1.1622,0.4418,6.3514,0.978,6.8108,0.3971,0.705882353,0.110510169,200.0,3.5934598195660445
pea,pea,food; vegetable,131.06976740000002,0.810810811,0.727272727,6.6389,0.6393,5.2222,1.1979,3.70212766,1.667005824,1.4167,1.1307,6.4444,1.0266,6.7222,0.9137,1.0,0.0,199.0,3.5912829003117706
toaster,toaster,electronic device; home appliance; kitchen appliance,247.2073171,0.829268293,0.733333333,6.0,0.8699,4.9474,0.7693,4.095238095,1.494861504,6.8158,0.4565,5.5526,1.2236,1.5,0.8621,1.0,0.0,198.0,3.5890950141635947
vase,vase,container; home decor,236.3953488,0.775,0.769230769,5.6842,1.0931,5.4474,0.95,3.891304348,1.53808338,6.8684,0.414,5.3947,1.1517,2.1579,1.4242,1.0,0.0,196.0,3.58468589525854
caviar,caviar,food; seafood,127.5795455,0.926829268,0.769230769,5.4359,1.5182,4.5641,1.8467,4.431818182,1.590637246,2.4615,2.05,5.0256,1.828,6.2051,1.1512,0.9,0.067082039,195.0,3.5824644352645816
carrot,carrot,food; vegetable,196.6627907,0.947368421,0.857142857,6.7568,0.4947,5.6216,0.9818,4.086956522,1.71043967,1.6486,1.4947,6.4324,0.8347,6.8108,0.3971,1.0,0.0,195.0,3.5824644352645816
paddle,paddle,sports equipment,268.9875,0.923076923,0.705882353,6.1842,0.8654,4.4211,0.8584,3.808510638,1.483800905,6.7105,0.6111,6.1579,0.8551,1.9474,1.4509999999999998,0.5,0.11785113,191.0,3.5734631911497914
bikini,bikini,clothing; women's clothing,236.27906980000003,0.8,0.714285714,6.6389,0.5426,5.5833,1.079,4.416666667,1.819905695,6.3889,1.4198,6.5556,0.6947,1.6667,1.1464,0.647058824,0.115904043,188.0,3.566587673165744
chalk,chalk,arts and crafts supply; school supply,166.6875,0.951219512,0.923076923,6.6842,0.5745,4.5526,1.083,3.933333333,1.4984840819999998,5.4474,1.7351,6.3684,0.8517,4.1053,1.7977,0.9375,0.060515365,183.0,3.554880913632493
mat,mat,,264.07608700000003,0.810810811,0.75,6.0811,1.2333,4.4324,0.9586,3.519230769,1.514510011,6.6486,0.5383,5.973,1.3014,3.0,1.7795,0.941176471,0.057067206,178.0,3.542849826210958
laptop,laptop,electronic device,250.923913,0.87804878,0.823529412,6.3429,0.7648,5.4571,1.1966,4.212765957,1.5454867,6.9143,0.284,5.8857,1.0784,1.9714,1.6536,0.894736842,0.0704059,177.0,3.5404030902638706
telegraph,telegraph,,241.0322581,0.875,0.722222222,5.2564,1.2919999999999998,4.359,0.6684,4.333333333,1.492405014,6.6154,1.0666,5.4872,1.1209,1.8462,1.3868,0.444444444,0.117121395,167.0,3.515146295049647
ruler,ruler,school supply; scientific equipment; tool,230.2159091,0.80952381,0.933333333,6.7895,0.4132,4.5789,1.0301,4.2,1.532366845,6.7895,0.4132,6.5526,0.95,2.4211,1.4072,0.944444444,0.053990295,162.0,3.5019448384446945
toothpaste,toothpaste,personal hygiene item,198.7804878,0.948717949,0.9,5.8947,1.4666,5.1579,1.4431,3.930232558,1.791452574,6.5789,0.8893,5.7105,1.7539,2.3684,1.2395,1.0,0.0,160.0,3.4965498065579883
coaster,coaster,home decor,199.4651163,0.923076923,0.875,6.6944,0.6242,4.75,0.9063,3.916666667,1.527525232,6.5833,0.8742,6.5,0.8106,2.5278,1.4038,0.944444444,0.053990295,159.0,3.493826948222515
taco,taco,food,208.8369565,0.790148448,0.857142857,6.2632,0.828,5.8947,1.0601,4.071428571,1.879191019,6.4737,0.9223,6.1842,0.8961,3.2895,1.5923,1.0,0.0,158.0,3.4910869108564864
veil,veil,clothing; headwear; women's clothing,249.2926829,0.9,0.714285714,6.4324,0.6472,5.6486,1.2068,4.02,1.846010591,6.4865,1.4068,6.0811,1.1638,1.7297,0.8045,0.842105263,0.083654675,151.0,3.471406771195233
cabbage,cabbage,food; plant; vegetable,230.6086957,0.921052632,0.888888889,6.1842,0.9545,5.1842,1.1355,3.777777778,1.92930615,1.5789,1.0813,5.8947,1.1807,6.7368,0.4463,0.666666667,0.111111111,148.0,3.462691539297021
noodle,noodle,food,168.0930233,0.934782609,0.733333333,5.7949,1.6572,5.4872,1.0481,4.117647058999999,1.681036095,6.3333,0.8983,5.2564,1.5512,3.359,1.7545,0.388888889,0.114904386,148.0,3.462691539297021
puck,puck,sports equipment,197.9651163,0.815789474,0.818181818,6.4103,0.6373,4.5385,0.8223,4.346153846,1.506646912,6.6923,0.5691,6.3077,0.731,2.1026,1.3726,0.875,0.082679728,147.0,3.45974715865024
bun,bun,food,204.1744186,0.902439024,0.769230769,6.75,0.5,5.2778,1.344,3.651162791,1.900923597,6.5833,0.6492,6.6389,0.7232,2.9722,1.8744,0.684210526,0.106639205,147.0,3.45974715865024
cork,cork,,159.75555559999998,0.954545455,0.9,6.6944,0.6684,4.4722,0.8447,4.14893617,1.366982132,5.3056,2.0538,6.4444,1.1819,4.5556,2.0486,1.0,0.0,146.0,3.456782679686501
baton4,baton,sports equipment,251.1511628,0.902439024,0.909090909,6.4865,0.7311,4.1351,1.1096,4.0476190480000005,1.591936709,6.8649,0.3466,6.4324,0.7652,1.7297,1.2167,1.0,0.0,145.0,3.4537978261370386
zipper,zipper,fastener,178.0657895,0.9,1.0,6.3714,0.7311,4.6571,1.2113,3.744680851,1.495908697,6.9143,0.284,6.2,1.346,1.8286,1.3391,1.0,0.0,144.0,3.450792315997313
sticker,sticker,,166.6744186,0.87804878,0.882352941,6.7027,0.4634,5.0811,1.1396,3.98,1.659727049,6.6757,0.9145,6.4054,0.9849,1.6216,0.9531,0.666666667,0.111111111,142.0,3.44471816828512
magnet,magnet,scientific equipment,162.3055556,0.904761905,0.777777778,6.1579,0.8551,4.2368,0.7509999999999999,4.0,1.237705496,6.0,1.1855,6.0263,1.0777,4.0526,1.7698,0.9375,0.060515365,140.0,3.438557859580301
scooter,scooter,toy; vehicle,293.0348837,0.846153846,0.777777778,5.3143,1.3671,5.6286,1.0596,4.0,1.570068877,6.7429,0.5054,5.7429,1.01,1.6571,0.7648,0.947368421,0.051227817,139.0,3.4354446241561587
earring,earring,clothing accessory; jewelry,135.9777778,0.87804878,0.941176471,6.6,0.6325,5.4,1.0328,4.16,1.730400449,6.65,0.6222,6.25,1.2352,2.15,1.272,0.733333333,0.114179845,138.0,3.4323089103033
cardboard,cardboard,arts and crafts supply,248.26923080000003,0.911111111,0.75,6.1053,0.7983,4.0526,0.8036,3.585365854,1.322414643,6.6842,0.5253,5.8421,1.0533,2.4474,1.5013,0.866666667,0.087770745,138.0,3.4323089103033
apron,apron,clothing; outerwear; protective clothing,258.58510640000003,0.95,0.846153846,6.6,0.6508,4.4857,1.0947,3.977777778,1.339757252,6.5714,0.8501,6.3429,1.0556,1.9429,1.2821,0.933333333,0.064406119,136.0,3.425968732272281
meatball,meatball,food,173.2261905,0.853658537,0.823529412,6.5,0.6794,5.7,0.9923,4.0,1.913001429,6.5,0.8165,6.425,0.7472,3.55,2.1116,1.0,0.0,132.0,3.4130037551079138
microscope,microscope,scientific equipment,246.2702703,0.923076923,0.882352941,5.1351,1.3977,4.7027,1.0237,4.078431373,1.507887758,6.6757,1.0815,5.3243,1.156,1.5405,0.8365,0.9375,0.060515365,129.0,3.4030195342013125
screwdriver,screwdriver,construction equipment; hardware; tool,203.7045455,0.761904762,0.727272727,6.5385,0.8537,4.3077,0.8631,4.255319149,1.566886765,6.5641,1.1424,6.4615,0.9132,1.8718,1.0306,0.866666667,0.087770745,128.0,3.399639793549932
wick,wick,,139.73809519999998,0.80952381,0.733333333,5.8108,1.3089,4.5946,0.9563,3.957446809,1.503003469,6.3514,0.6756,5.8649,1.2284,3.2432,1.9351,0.666666667,0.111111111,128.0,3.399639793549932
swab,swab,medical equipment; personal hygiene item; scientific equipment,165.79729730000005,0.880952381,0.733333333,6.6316,0.5413,4.6053,0.9737,3.571428571,1.399404635,6.5263,0.8297,6.4737,0.8297,2.6842,1.5614,0.526315789,0.114548882,121.0,3.3752151942185136
omelet,omelet,breakfast food; food,209.5116279,0.871794872,0.941176471,5.5,1.3507,5.3684,1.2175,3.612244898,1.753761749,6.5526,0.9211,5.3947,1.3664,3.8947,1.7674,1.0,0.0,121.0,3.3752151942185136
checkbook,checkbook,,208.53125,0.804878049,0.875,6.75,0.5542,4.5,1.1084,4.450980392,1.527268483,6.6389,0.8333,6.6111,0.7281,1.8889,1.5451,0.8,0.089442719,120.0,3.3716110699496884
meatloaf,meatloaf,food,227.9090909,0.894736842,0.727272727,6.0526,1.1613,5.1842,1.4114,4.38,1.759986085,6.4211,1.0035,5.6842,1.2967,3.2895,1.93,0.947368421,0.051227817,119.0,3.3679767852945943
kite,kite,toy,257.5,0.906976744,0.9375,6.027,1.0926,5.9459,1.0787,3.133333333,1.659682335,6.8108,0.3971,6.027,0.8329,1.9189,1.1396,1.0,0.0,117.0,3.360615685648225
broccoli,broccoli,food; plant; vegetable,188.25,0.952380952,0.875,6.6757,0.626,5.0811,1.6052,3.641509434,1.90237038,1.6216,1.4014,6.5405,0.691,6.7568,0.5479999999999999,0.944444444,0.053990295,116.0,3.3568878131289823
slipper,slipper,clothing; footwear,223.52380950000003,0.897435897,0.8125,6.6944,0.5767,5.9444,1.1198,3.3461538460000004,1.4670848159999998,6.9167,0.3684,6.2778,1.1616,1.5278,0.9407,0.888888889,0.074074074,113.0,3.3455082673854832
thermometer,thermometer,hardware; scientific equipment,192.0581395,0.846153846,0.75,6.4167,0.9964,4.7222,0.9445,4.075471698,1.5793018980000002,6.8611,0.3507,6.4444,0.7725,1.6944,1.1419,0.944444444,0.053990295,112.0,3.341647846572245
tee,tee,sports equipment,164.98863640000002,0.902439024,0.8,6.6923,0.8931,4.1795,0.6014,3.708333333,1.623737917,6.7436,0.9925,6.5385,1.0475,1.6154,0.9351,0.75,0.125,110.0,3.3338225090602887
hamster,hamster,animal; mammal,200.1590909,0.804878049,0.705882353,5.6316,1.1489,5.7105,1.0374,4.365853659,1.71400259,1.2632,1.0315,5.5789,1.056,6.7368,0.6445,0.6,0.126491106,109.0,3.329856321842687
mushroom,mushroom,food,174.98863640000002,0.906976744,0.904761905,6.4857,0.6122,4.8286,1.5432,3.830188679,1.649427046,1.2571,0.8859,6.2,0.8677,6.8857,0.4038,1.0,0.0,109.0,3.329856321842687
tile,tile,,224.46052630000003,0.846153846,0.714285714,5.3889,1.2254,4.5278,0.8102,4.093023256,1.19151671,6.4167,1.1307,5.25,1.2734,2.9167,1.6279,0.888888889,0.074074074,108.0,3.325853579389013
flute,flute,musical instrument,231.3522727,0.725,0.75,6.4474,0.8913,5.7632,1.0249,3.847826087,1.89698464,6.6579,1.0469,6.3158,0.933,1.8684,0.9634,0.9,0.067082039,108.0,3.325853579389013
cucumber,cucumber,food; vegetable,217.1413043,0.902439024,0.727272727,6.5385,0.5547,5.2564,1.1634,3.78,1.865803979,1.4615,0.7555,6.4359,0.718,6.641,1.0634,0.842105263,0.083654675,101.0,3.2967511976847064
walnut,walnut,food,160.75,0.871794872,0.818181818,6.8056,0.4672,5.4167,1.2277,3.901960784,1.6882523740000002,1.2222,0.7216,6.6944,0.5767,6.75,0.8742,0.944444444,0.053990295,100.0,3.292429823902064
floss,floss,personal hygiene item,133.7368421,0.761904762,0.722222222,6.3611,0.99,4.5833,1.1052,4.069767442,1.518071283,6.4722,1.1829,6.25,0.9964,2.0556,1.3298,0.941176471,0.057067206,100.0,3.292429823902064
frisbee,frisbee,sports equipment; toy,232.9361702,0.906976744,0.785714286,6.8158,0.4565,5.4737,1.2245,4.023255814,1.580963722,6.8158,0.3929,6.7105,0.6111,1.4474,0.645,0.8,0.089442719,95.0,3.270153429190912
celery,celery,food; vegetable,211.4891304,0.804878049,0.714285714,6.5526,0.645,5.2368,1.1492,3.791666667,1.774024555,1.7105,1.2926,6.3158,1.1176,6.6053,0.7181,1.0,0.0,95.0,3.270153429190912
chopsticks,chopsticks,tool,199.9895833,0.9,0.928571429,6.1622,1.1906,5.0,1.2247,4.156862745,1.5410716919999998,6.7027,0.5199,6.1622,1.1429,3.4595,1.7094,1.0,0.0,93.0,3.2609127724559985
cassette,cassette,,200.5111111,0.902439024,0.777777778,6.5128,0.8847,4.8718,0.9782,4.090909091,1.6680051,6.8974,0.3074,6.359,0.9864,1.359,0.7066,0.947368421,0.051227817,93.0,3.2609127724559985
incense,incense,,180.0735294,0.780487805,0.727272727,6.3243,0.8516,5.8378,0.8338,3.357142857,1.589929107,6.2162,1.0037,6.1351,1.0584,3.8108,1.5606,0.647058824,0.115904043,92.0,3.256217651247619
snail,snail,animal; sea animal; seafood,156.0333333,0.9,0.9,6.1579,1.0533,4.2368,1.2398,3.840909091,1.841930002,1.3947,1.0537,6.0,1.139,6.5789,0.9482,0.944444444,0.053990295,90.0,3.2466723333413885
charcoal,charcoal,arts and crafts supply,176.87804880000002,0.804878049,0.933333333,5.9474,0.985,4.2895,1.2282,4.295454545,1.563828716,4.6579,2.2574,5.8684,1.0947,5.1316,1.6631,0.526315789,0.114548882,90.0,3.2466723333413885
harmonica,harmonica,musical instrument,205.0243902,0.846153846,0.933333333,6.6667,0.7559,5.6389,1.0185,4.0,1.786703023,6.6944,0.8886,6.6389,0.6393,1.7222,1.0586,1.0,0.0,89.0,3.2418198305469765
saxophone,saxophone,musical instrument,268.5222222,0.87804878,0.722222222,5.475,1.2401,5.475,1.4674,3.791666667,1.556842595,6.55,1.061,5.45,1.1972,1.525,0.9055,1.0,0.0,86.0,3.226928275145631
doorknob,doorknob,hardware,194.4186047,0.8,0.75,6.3421,0.8146,4.6053,0.7898,4.25,1.22236903,6.7895,0.5769,6.5526,0.6857,1.7895,0.963,1.0,0.0,86.0,3.226928275145631
skateboard,skateboard,sports equipment; toy; vehicle,262.7659574,0.930232558,0.9375,6.2051,0.9509,5.2051,1.0558,4.428571429,1.6329931619999998,6.641,1.0879,5.8718,1.3799,1.8205,1.1441,0.789473684,0.09352877,85.0,3.221848749616356
blender,blender,electronic device; home appliance; kitchen appliance,243.6222222,0.785714286,0.714285714,5.7895,1.0176,4.3947,1.3262,4.270833333,1.553850171,6.7368,1.005,5.4211,1.2656,1.6316,1.1722,1.0,0.0,85.0,3.221848749616356
raincoat,raincoat,clothing; outerwear; protective clothing,275.1590909,0.785714286,0.846153846,6.6389,0.5929,4.8333,1.0823,4.0,1.623005342,6.0833,1.8264,6.4444,0.8765,1.4167,0.7319,0.65,0.106653645,84.0,3.2167091099639453
banjo,banjo,musical instrument,268.7954545,0.871794872,0.823529412,5.8919,1.1734,5.4054,0.9849,3.777777778,1.756661204,6.8649,0.3466,5.7297,1.3874,1.7027,1.1021,0.888888889,0.074074074,83.0,3.211507916278137
bamboo,bamboo,plant,278.10606060000003,0.860465116,1.0,5.775,1.1655,5.3,1.1591,3.466666667,1.6039723419999998,1.35,1.231,5.8,1.1591,6.9,0.3038,1.0,0.0,80.0,3.195519810894007
headphones,headphones,,201.2738095,0.857142857,0.8,6.6389,0.6393,5.7778,1.3961,3.568181818,1.676065815,6.5556,1.2523,6.5833,0.6036,1.4722,0.8779,0.9375,0.060515365,80.0,3.195519810894007
binoculars,binoculars,,228.1086957,0.818181818,0.833333333,6.3784,0.6811,5.0811,1.115,4.043478261000001,1.591037701,6.8649,0.3466,6.1892,1.0498,1.4054,0.6438,1.0,0.0,80.0,3.195519810894007
beanie,beanie,clothing; headwear,230.08139530000005,0.846153846,0.733333333,6.7568,0.5479999999999999,5.5135,1.0171,4.102040816000001,1.7108099680000002,6.8378,0.3737,6.5676,0.8347,2.2432,1.4607,0.45,0.111242977,78.0,3.184524426592544
marshmallow,marshmallow,candy; food,163.26136359999998,0.925,0.8125,6.6667,0.5345,5.9167,0.77,3.64,1.663043681,6.4444,0.8765,6.3333,1.069,2.6389,1.6063,0.894736842,0.0704059,77.0,3.1789205490745456
pistachio,pistachio,food,139.24444440000002,0.921052632,0.727272727,6.6944,0.5248,5.8056,0.8886,3.52173913,1.798012859,1.3889,0.6878,6.4722,0.8102,6.5,0.9103,1.0,0.0,77.0,3.1789205490745456
tablet,tablet,electronic device,230.8617021,0.925,0.928571429,6.4737,0.7255,5.5789,1.1302,4.086956522,1.761641746,6.7632,0.8522,6.3421,0.7453,1.2632,0.5032,0.684210526,0.106639205,76.0,3.173243416182855
faucet,faucet,hardware,222.9651163,0.87804878,0.722222222,5.3158,1.7101,4.7368,1.0574,3.755102041,1.346764831,6.8421,0.4366,5.9737,1.1267,1.5,0.9227,0.947368421,0.051227817,73.0,3.15575268402252
snowball,snowball,,202.3695652,0.976190476,0.823529412,6.2105,1.0694,5.2368,1.2614,4.088888889,1.504874235,4.8947,1.9699,6.3158,0.9036,5.1579,1.6526,1.0,0.0,71.0,3.1436881726211388
hanger,hanger,,240.5853659,0.948717949,0.928571429,6.4054,1.0919,4.4054,0.9563,4.0,1.549193338,6.7297,0.5602,6.5676,0.6028,1.5676,0.9872,0.875,0.082679728,69.0,3.131278914639319
pear,pear,food; fruit,201.6190476,0.813953488,0.933333333,6.5128,0.7208,5.9231,0.8701,3.681818182,1.83977662,1.8205,1.5368,6.4615,0.6426,6.5897,0.8181,0.947368421,0.051227817,68.0,3.1249387366083
calculator,calculator,school supply; scientific equipment,211.0212766,0.918918919,1.0,6.5526,0.7952,4.8158,0.9545,3.954545455,1.52429237,6.8947,0.311,6.5263,0.7965,1.4211,0.7581,1.0,0.0,66.0,3.1119737594439325
turban,turban,clothing; headwear,237.9404762,0.95,0.823529412,5.9459,1.2235,4.8108,1.1015,4.265306122,1.4828956780000002,6.6757,0.626,5.6757,1.4917,2.4054,1.4806,0.578947368,0.113268966,66.0,3.1119737594439325
toolbox,toolbox,container,256.1162791,0.902439024,0.714285714,5.2308,1.0628,4.641,0.9594,4.133333333,1.516575089,6.6154,0.8465,5.3077,1.2387,1.7692,1.4042,0.357142857,0.128060208,64.0,3.098609797885951
mascara,mascara,personal hygiene item,175.0222222,0.829268293,0.705882353,6.4359,1.0462,5.1795,1.1441,3.705882353,1.7238807109999998,6.7692,0.4846,6.2564,1.0187,1.9487,1.3945,0.9375,0.060515365,64.0,3.098609797885951
coleslaw,coleslaw,food,196.4193548,0.846153846,0.8,5.3158,1.6943,4.9474,1.5236,3.921568627,1.741759309,6.3684,0.8194,5.1316,1.5968,3.8421,1.9525,0.764705882,0.102879368,63.0,3.0917703733556454
charger,charger,hardware,194.0238095,0.846153846,0.75,6.6842,0.5745,4.7105,0.9839,4.404255319,1.439498319,6.5526,1.3294,6.4474,0.8913,1.2105,0.528,0.470588235,0.121057825,62.0,3.0848215134003176
lifesaver,lifesaver,safety equipment,261.8181818,0.829268293,0.8125,6.2778,0.7787,4.8056,1.0642,3.872340426,1.361217826,6.6667,1.042,6.2778,0.6595,1.6389,1.3342,0.333333333,0.111111111,62.0,3.0848215134003176
fig,fig,food; fruit,171.6744186,0.829268293,0.75,6.5833,0.6036,5.5,1.1339,3.836734694,1.637413341,1.5278,1.3625,6.4167,0.8742,6.4444,1.4029,0.444444444,0.117121395,62.0,3.0848215134003176
avocado,avocado,food; fruit,198.4782609,0.925,0.714285714,6.5676,0.6028,5.8108,1.2657,4.065217391,1.756286156,1.6216,1.277,6.2432,1.0383,6.6486,0.5383,0.944444444,0.053990295,62.0,3.0848215134003176
inhaler,inhaler,medical equipment,186.1,0.95,0.933333333,6.7105,0.4596,4.3947,1.242,4.106382979,1.671162607,6.6316,1.0246,6.6053,0.5945,1.5789,1.056,0.944444444,0.053990295,60.0,3.070581074285707
bead,bead,arts and crafts supply,136.4787234,0.902439024,0.714285714,6.7368,0.5543,5.3684,0.913,3.70212766,1.412904711,6.6316,0.7136,6.6053,0.6794,2.1579,1.4801,0.941176471,0.057067206,57.0,3.048304679574555
corkscrew,corkscrew,hardware; kitchen tool; tool,186.6,0.825,0.7,6.5278,0.6088,4.3056,0.7099,4.375,1.393373375,6.7778,0.6375,6.3611,0.9305,1.7222,1.1113,0.611111111,0.114904386,57.0,3.048304679574555
guacamole,guacamole,food,201.85,0.857142857,0.705882353,5.5556,1.4822,5.5556,1.5013,4.380952381,1.766246964,5.5278,1.5397,5.1667,1.6818,5.5556,1.3824,0.823529412,0.092459441,56.0,3.040617850908264
funnel,funnel,kitchen tool; scientific equipment; tool,211.326087,0.897435897,1.0,6.7027,0.5708,4.4324,0.9292,3.934782609,1.388879227,6.7297,0.7691,6.6486,0.6332,1.3243,0.5799,1.0,0.0,56.0,3.040617850908264
almond,almond,food,143.55681819999998,0.925,1.0,6.6,0.6039,5.6,1.3763,3.295454545,1.772916995,1.7714,1.7165,6.3143,0.8321,6.8,0.4058,0.75,0.096824584,56.0,3.040617850908264
papaya,papaya,food; fruit,221.9891304,0.857142857,0.764705882,6.2432,0.8302,5.7568,0.9251,4.418604651,1.7352447080000002,1.3243,0.8836,5.9189,0.7951,6.8919,0.3933,0.647058824,0.115904043,56.0,3.040617850908264
eggplant,eggplant,food; vegetable,222.2888889,0.921052632,0.833333333,6.4211,0.6831,5.1316,1.234,4.22,1.403930343,1.5263,1.0587,6.1842,0.8654,6.5263,0.6872,0.888888889,0.074074074,56.0,3.040617850908264
spatula,spatula,kitchen tool; tool,221.7674419,0.820512821,0.8,6.7222,0.5133,4.5833,0.8742,3.98,1.392252616,6.8611,0.3507,6.7222,0.5133,1.3333,0.7559,0.842105263,0.083654675,56.0,3.040617850908264
wreath,wreath,home decor,258.95,0.825,0.733333333,5.8571,0.9121,5.8286,0.8907,4.285714286,1.7677669530000002,6.7714,0.426,5.6571,1.0831,4.5429,1.5405,0.894736842,0.0704059,54.0,3.0248235837250323
eyeliner,eyeliner,personal hygiene item,185.05,0.923076923,0.846153846,6.5278,0.8447,5.0,1.331,3.976190476,1.6452162030000002,6.7778,0.5404,6.3333,0.8944,1.9167,1.2734,0.368421053,0.110664733,52.0,3.0084331675368627
horseshoe,horseshoe,,217.3295455,0.9,0.789473684,6.1316,0.7415,4.5789,1.1539,4.272727273,1.420180735,6.6053,0.7898,5.8684,0.8438,2.3684,1.5496,0.882352941,0.07814249,52.0,3.0084331675368627
toothpick,toothpick,personal hygiene item,145.4651163,0.974358974,0.705882353,6.5789,0.7581,4.1842,1.0096,3.822222222,1.641630133,6.4211,1.1539,6.4737,0.8617,4.6579,1.7748,0.833333333,0.087841046,52.0,3.0084331675368627
eraser,eraser,arts and crafts supply; office supply; school supply,152.9148936,0.9,0.764705882,6.7895,0.4132,4.3158,0.933,4.0,1.6242838030000002,6.5,1.1089,6.7105,0.5651,1.7632,1.0249,0.588235294,0.119364625,51.0,3.0
asparagus,asparagus,food; plant; vegetable,201.6511628,0.902439024,0.866666667,6.1316,0.8752,5.0789,1.3829,3.953488372,1.7036863169999998,1.6316,1.2175,5.8684,1.0698,6.6842,0.5253,0.941176471,0.057067206,50.0,2.9913998282380825
hourglass,hourglass,home decor,214.0,0.871794872,0.733333333,5.9167,1.1802,5.4444,1.2058,3.761904762,1.722300274,6.6944,0.8886,5.8333,1.1832,2.3611,1.4571,0.5625,0.124019593,49.0,2.982625903930577
tablecloth,tablecloth,,293.19047620000003,0.925,0.769230769,6.3333,0.8983,5.2051,0.8329,3.577777778,1.6987815,6.7179,0.7591,6.1538,1.1594,2.2051,1.2178,0.833333333,0.087841046,48.0,2.973671061277651
stethoscope,stethoscope,medical equipment; scientific equipment,214.0232558,0.897435897,1.0,6.5263,0.7618,4.5789,1.0301,3.979166667,1.604376771,6.6053,0.8865,6.4211,0.9482,1.6842,1.2757,1.0,0.0,48.0,2.973671061277651
seatbelt,seatbelt,part of car; safety equipment,244.7386364,0.925,0.714285714,6.3714,0.7702,4.0286,0.9231,3.666666667,1.321615173,6.8,0.4058,6.3429,0.8382,1.5429,0.95,0.842105263,0.083654675,47.0,2.9645276818377813
sprouts,sprouts,food; vegetable,170.10465119999998,0.925,0.833333333,6.2703,0.9902,5.3784,0.9531,3.380952381,1.637255004,2.2703,2.077,6.1892,0.9955,6.5946,0.6438,0.578947368,0.113268966,46.0,2.9551876555836376
tripod,tripod,,267.9347826,0.853658537,0.785714286,5.9189,1.064,4.4324,0.6888,3.895833333,1.447515602,6.9189,0.2767,6.0,0.7817,1.4865,0.9013,1.0,0.0,46.0,2.9551876555836376
tambourine,tambourine,musical instrument,240.8604651,0.904761905,0.941176471,6.2727,1.1798,5.5152,1.1214,4.14,1.578038048,6.8788,0.4151,6.0303,1.4249,1.9394,1.144,1.0,0.0,45.0,2.9456423376774072
dumpling,dumpling,food,175.4444444,0.833333333,0.9,6.3611,0.9607,5.75,1.2507,4.11627907,1.841444856,6.6667,0.5855,6.25,0.9373,3.4444,1.4628,0.647058824,0.115904043,45.0,2.9456423376774072
teapot,teapot,container,229.9634146,0.85,0.714285714,6.25,0.77,5.4722,1.082,4.088888889,1.39515757,6.8611,0.3507,6.2222,0.8656,2.2222,1.6408,0.526315789,0.114548882,44.0,2.935882500388251
snowboard,snowboard,sports equipment,287.46511630000003,0.80952381,0.764705882,5.5789,1.1302,4.9737,1.1737,4.1875,1.733969128,6.6053,1.1977,5.6053,1.242,1.6316,0.9421,0.578947368,0.113268966,40.0,2.894489815230026
kiwi,kiwi,food; fruit,182.7045455,0.87804878,0.75,6.6842,0.5745,5.8684,1.3187,3.448979592,1.937150232,1.2105,0.7036,6.6316,0.7857,6.8158,0.4565,0.789473684,0.09352877,40.0,2.894489815230026
silicone,silicone,,155.21428569999998,0.707317073,0.733333333,5.9211,0.9118,4.4737,1.0587,3.936170213,1.523786122,6.5263,0.8617,5.7105,0.9839,2.2105,1.8033,0.294117647,0.110510169,40.0,2.894489815230026
tongs,tongs,kitchen tool; scientific equipment; tool,223.8645833,0.947368421,0.8,6.6471,0.544,4.5,1.0801,4.14,1.39985422,6.7647,0.5537,6.4412,1.1333,1.5882,1.0185,0.875,0.082679728,40.0,2.894489815230026
clipboard,clipboard,office supply,242.6818182,0.85,0.75,6.6111,0.5989,4.2778,0.7015,3.87755102,1.166059123,6.6944,0.6242,6.4167,0.77,2.0833,1.1052,0.833333333,0.087841046,38.0,2.872213420518874
shoelace,shoelace,,176.027027,0.85,0.733333333,6.6579,0.6689,4.6842,0.9616,4.0,1.6939791080000002,6.6842,0.5745,6.6053,0.6384,1.8421,1.0274,0.6,0.109544512,38.0,2.872213420518874
acorn,acorn,,148.326087,0.87804878,0.823529412,6.7429,0.4434,5.1143,1.0508,3.857142857,1.369306394,1.2,0.7195,6.5714,0.6081,6.8286,0.5137,1.0,0.0,37.0,2.8606315479690587
hairbrush,hairbrush,personal hygiene item,218.1888889,0.871794872,0.727272727,6.675,0.7642,5.075,1.141,4.040816327,1.4571545280000002,6.725,0.5986,6.65,0.6622,2.1,1.4987,0.444444444,0.117121395,37.0,2.8606315479690587
nutcracker,nutcracker,kitchen tool; tool,208.6666667,0.928571429,0.714285714,6.6316,0.6334,4.6579,0.8471,4.348837209,1.586906558,6.7895,0.622,6.5263,0.7255,1.6053,1.1038,0.764705882,0.102879368,36.0,2.848732324669351
ravioli,ravioli,food,167.8111111,0.829268293,0.7,6.1579,0.9733,5.8684,1.018,3.936170213,1.566000935,6.7632,0.4309,5.9211,1.1713,3.1316,1.7579,1.0,0.0,35.0,2.8364978682523394
cooker,cooker,container; electronic device; home appliance; kitchen appliance,257.3088235,0.88372093,0.923076923,5.3,1.2026,5.15,1.122,4.2,1.324973794,6.75,0.4935,5.25,1.3156,1.55,0.8458,0.263157895,0.101022618,34.0,2.8239087409443187
radish,radish,food; vegetable,178.1744186,0.951219512,0.8,6.4737,0.7255,4.6579,1.4755,3.666666667,1.704894914,1.8421,1.5339,6.1316,1.2557,6.6579,0.7453,0.777777778,0.097990789,31.0,2.7837915177363364
kazoo,kazoo,musical instrument,198.8947368,0.871794872,0.785714286,6.6667,0.6325,4.1944,1.3484,3.956521739,1.459931836,6.6389,1.0462,6.3889,1.1027,1.4444,0.6947,0.9,0.067082039,31.0,2.7837915177363364
saffron,saffron,food,135.7666667,0.925,0.818181818,5.8974,1.1652,5.5385,1.1203,4.0,1.628822036,2.0769,1.3647,5.6667,1.2635,6.641,0.6684,0.333333333,0.111111111,31.0,2.7837915177363364
whisk,whisk,kitchen tool,213.375,0.9,0.777777778,6.5946,0.7979,4.8919,1.0745,4.128205128,1.54203364,6.8649,0.3466,6.5135,0.9316,1.5135,0.6921,0.894736842,0.0704059,29.0,2.75482782180102
hinge,hinge,hardware,176.72222219999998,0.820512821,0.785714286,5.7179,1.3562,4.2564,0.6373,4.208333333,1.486940788,6.6154,0.9351,5.5385,1.5191,1.7436,1.2294,0.947368421,0.051227817,29.0,2.75482782180102
doormat,doormat,,260.20212769999995,0.743589744,0.769230769,6.0,1.1304,4.5676,1.119,3.822222222,1.511905614,6.8108,0.4618,5.9189,1.2333,1.8919,1.4295,0.166666667,0.087841046,28.0,2.7395878552442827
cauliflower,cauliflower,food; vegetable,213.5888889,0.947368421,0.857142857,6.275,0.8161,4.95,1.2393,4.177777778,1.5852858769999998,1.8,1.4884,6.075,0.9167,6.7,0.9923,1.0,0.0,28.0,2.7395878552442827
artichoke,artichoke,food; plant; vegetable,202.64444440000003,0.756097561,0.722222222,6.3421,0.7081,5.2105,1.0694,3.895833333,1.6789001380000002,1.4211,1.056,5.9211,1.0496,6.6316,0.8829,0.7,0.102469508,28.0,2.7395878552442827
pendulum,pendulum,scientific equipment,214.025,0.763157895,0.785714286,5.3158,1.2757,5.2632,1.0826,4.25,1.296476403,6.4474,1.1076,5.3947,1.1517,2.1579,1.3858,0.631578947,0.110664733,27.0,2.723793588061051
okra,okra,food; vegetable,176.125,0.87804878,0.7,6.5789,0.5517,4.9211,1.3024,4.152173913,1.4600972769999998,1.5,1.2681,6.3684,0.913,6.8684,0.3426,0.65,0.106653645,26.0,2.707403171872881
clove,clove,food,140.6071429,0.853658537,0.769230769,6.6571,0.5913,5.2286,0.942,4.4130434780000005,1.40753665,1.4571,0.8521,6.4,0.8812,6.8286,0.3824,0.444444444,0.117121395,26.0,2.707403171872881
pillbox,pillbox,container; medical equipment,192.8690476,0.8,0.714285714,6.6216,0.6391,4.4054,1.0127,3.977777778,1.827677225,6.8108,0.7007,6.5676,0.6888,1.7568,1.1644,0.333333333,0.111111111,25.0,2.690369832574101
bib,bib,,220.0581395,0.925,0.818181818,6.6111,0.6449,4.6944,1.037,3.641509434,1.494790179,6.6389,0.5929,6.5278,0.8447,2.0556,1.2861,0.947368421,0.051227817,25.0,2.690369832574101
candlestick,candlestick,home decor,215.23170730000004,0.8,0.923076923,6.3,0.7909999999999999,5.2,0.9661,4.22,1.488596106,6.75,0.7071,6.2,0.9661,1.925,1.5087,0.647058824,0.115904043,25.0,2.690369832574101
defibrillator,defibrillator,electronic device; medical equipment,245.0444444,0.85,0.8,5.8462,0.933,4.0,1.6543,4.104166667,1.4327415069999998,6.3846,1.3691,5.8205,0.914,1.8462,1.5138,0.647058824,0.115904043,24.0,2.6726410656136697
eggshell,eggshell,,173.64444440000003,0.925,1.0,6.5385,0.9132,4.2308,0.742,4.367346939,1.424398668,1.1795,0.6833,6.4615,0.8537,6.641,0.7776,0.263157895,0.101022618,23.0,2.6541576599196564
pulley,pulley,construction equipment,232.75,0.780487805,0.769230769,5.5641,0.9946,4.5128,0.8847,4.14,1.498434557,6.9487,0.2235,5.6667,0.9823,2.1795,1.2539,1.0,0.0,22.0,2.63485250472427
headband,headband,clothing; clothing accessory; headwear,212.8555556,0.975609756,0.764705882,6.7632,0.7141,4.6579,1.0973,4.0,1.577621275,6.8158,0.5123,6.7895,0.622,1.8947,1.4102,0.842105263,0.083654675,21.0,2.614649118635983
crayon,crayon,arts and crafts supply; school supply; toy,176.0581395,0.975,0.928571429,6.7368,0.5032,5.4737,1.2463,3.416666667,1.796371441,6.6842,0.9036,6.5526,0.95,1.9474,1.1613,0.944444444,0.053990295,21.0,2.614649118635983
paperweight,paperweight,,188.1818182,0.853658537,0.916666667,5.6579,1.1689,4.3421,0.6271,3.847826087,1.699246778,6.6053,1.0277,5.5789,1.106,2.3684,1.3238,0.4375,0.124019593,21.0,2.614649118635983
bookmark,bookmark,,189.0,0.825,0.777777778,6.641,0.5843,4.8718,0.8329,4.391304348,1.57025491,6.5641,1.0207,6.4872,0.9699,1.9231,1.0609,1.0,0.0,21.0,2.614649118635983
anklet,anklet,jewelry,185.4358974,0.868421053,0.75,6.5833,0.6918,5.5833,1.1557,4.023809524,1.674603633,6.6667,0.6325,6.4167,0.9673,2.6389,1.6588,0.578947368,0.113268966,21.0,2.614649118635983
hotdog,hotdog,food,210.6222222,0.95,0.9375,6.7692,0.4846,5.3333,1.0842,4.469387755,1.815466432,6.5641,0.8521,6.6154,0.7114,2.3846,1.6798,0.277777778,0.105571799,20.0,2.593459819566045
juicer1,juicer,kitchen tool,238.5348837,0.925,0.714285714,6.4118,0.8209,4.9706,1.0585,3.914893617,1.678894399,6.7353,0.8981,6.2941,0.8714,1.4706,0.9919,0.789473684,0.09352877,20.0,2.593459819566045
pacifier,pacifier,,168.0111111,0.9,0.75,6.8387,0.4544,5.5161,1.1216,3.8,1.470930441,6.7097,1.1013,6.6452,1.1416,1.6452,1.1416,1.0,0.0,20.0,2.593459819566045
duster,duster,tool,236.225,0.926829268,0.733333333,6.6486,0.6332,4.3243,0.9734,3.79245283,1.585493014,6.7027,0.6609999999999999,6.5946,0.599,2.027,1.3226,0.9,0.067082039,20.0,2.593459819566045
coffeemaker,coffeemaker,electronic device; home appliance; kitchen appliance,254.2906977,0.825,0.916666667,5.4,1.2414,5.6286,0.9727,4.5,1.501772003,6.9714,0.1689999999999999,5.3143,1.3671,1.1143,0.4038,0.578947368,0.113268966,19.0,2.5711834248548926
drumstick,drumstick,,224.9772727,0.842105263,0.714285714,6.8649,0.3466,5.1081,0.8751,3.866666667,1.470930441,6.7027,0.6176,6.7027,0.6176,3.2703,1.7102,0.55,0.111242977,18.0,2.5477023290053697
hairpin,hairpin,fastener; jewelry,145.8255814,0.923076923,0.75,6.6579,0.6271,5.3158,0.9893,3.4468085110000004,1.529542566,6.7895,0.4741,6.4474,0.9211,1.7895,1.0694,0.333333333,0.111111111,18.0,2.5477023290053697
chessboard,chessboard,game,250.0,0.875,0.857142857,6.0278,1.0278,5.4444,1.0541,3.591836735,1.619135152,6.7778,0.4216,5.9167,1.079,2.0,1.1952,0.117647059,0.07814249,17.0,2.5228787452803374
bassoon,bassoon,musical instrument,278.875,0.710526316,0.733333333,5.1316,1.298,5.2895,1.011,3.97826087,1.867727442,6.8158,0.3929,5.3684,1.1951,2.2368,1.4414,0.157894737,0.083654675,16.0,2.4965498065579883
joystick,joystick,electronic device,202.7954545,0.853658537,0.714285714,6.5897,0.5946,4.9744,0.9028,4.0,1.725623881,6.6667,0.8057,6.359,0.8107,1.7179,1.1227,0.764705882,0.102879368,15.0,2.4685210829577446
headdress,headdress,clothing; clothing accessory; headwear,250.2560976,0.902439024,0.714285714,5.5789,1.3281,5.3947,1.0011,4.3555555560000005,1.281965032,6.3947,1.3664,5.6053,1.128,3.3684,1.7308,0.888888889,0.074074074,15.0,2.4685210829577446
router,router,electronic device,232.7439024,0.820512821,0.789473684,6.1892,0.7759999999999999,4.6486,1.111,4.106382979,1.3868018030000002,6.8108,0.5695,5.8919,1.1734,1.5405,1.0164,0.684210526,0.106639205,15.0,2.4685210829577446
bagpipe,bagpipe,musical instrument,268.93478260000006,0.880952381,0.785714286,5.4865,1.0703,4.8649,1.4174,4.285714286,1.56619337,6.7838,0.4793,5.2432,1.2112,2.1892,1.4689,0.888888889,0.074074074,15.0,2.4685210829577446
aloe,aloe,plant,218.921875,0.857142857,0.933333333,5.4474,1.3496,5.8158,1.0096,4.295454545,1.636495766,1.5263,1.0587,5.2632,1.4082,6.7632,0.8522,1.0,0.0,15.0,2.4685210829577446
peeler,peeler,kitchen tool; tool,197.744186,0.928571429,0.888888889,6.5714,0.6081,4.6857,1.0784,4.11627907,1.366422202,6.5143,1.1472,6.5429,0.7005,1.5714,1.0924,0.875,0.082679728,15.0,2.4685210829577446
thimble,thimble,arts and crafts supply,150.9888889,0.925,0.705882353,6.6757,0.626,4.5135,0.7682,4.5,1.288244724,6.6757,0.6689,6.5135,0.8374,1.6486,1.0332,0.941176471,0.057067206,14.0,2.438557859580301
trowel,trowel,construction equipment; garden tool; hardware; tool,229.4285714,0.780487805,0.7,6.65,0.5335,4.275,0.8161,4.488372093,1.667220285,6.75,0.5883,6.55,0.597,1.725,1.0374,0.35,0.106653645,14.0,2.438557859580301
squeegee,squeegee,tool,243.0119048,0.857142857,0.769230769,6.2632,0.7947,4.5,0.9795,3.979591837,1.506787365,6.7632,0.4896,6.2105,0.8433,1.7632,1.4414,0.947368421,0.051227817,14.0,2.438557859580301
lampshade,lampshade,home decor,251.5487805,0.804878049,0.733333333,6.175,0.9578,4.925,0.9443,4.085106383,1.299327372,6.625,1.03,5.925,1.0225,1.675,1.0473,0.315789474,0.106639205,14.0,2.438557859580301
beet,beet,food; vegetable,188.6888889,0.87804878,0.769230769,6.5,0.604,4.6579,1.3209,3.954545455,1.790862407,1.5263,1.3302,6.2368,1.0249,6.7632,0.4896,1.0,0.0,14.0,2.438557859580301
cymbal,cymbal,musical instrument,242.3333333,0.815789474,0.8,5.6053,1.128,4.6053,1.2636,4.340425532,1.493123306,6.7632,0.4309,5.6842,1.1649,1.7632,1.2826,0.764705882,0.102879368,13.0,2.4063731762089
pinecone,pinecone,home decor,193.7738095,0.829268293,0.785714286,6.4359,0.7879,5.3077,1.0798,4.4,1.4846149780000002,1.3077,0.9502,6.3846,0.9351,6.8462,0.3655,0.470588235,0.121057825,13.0,2.4063731762089
leggings,leggings,clothing; women's clothing,260.2875,0.930232558,0.714285714,6.6579,0.5825,5.6316,1.1489,3.931818182,1.730677072,6.6316,1.0761,6.5,0.8621,1.8158,1.036,0.6875,0.115878101,13.0,2.4063731762089
pomegranate,pomegranate,food; fruit,208.8617021,0.951219512,0.833333333,6.6571,0.5913,5.6,1.1428,3.897959184,1.7108099680000002,1.2,0.4058,6.4286,0.6547,6.8571,0.43,0.916666667,0.079785592,13.0,2.4063731762089
birdhouse,birdhouse,home decor,242.0,0.846153846,0.823529412,5.5641,1.4104,5.7179,0.9719,3.711538462,1.5509205169999998,6.8462,0.3655,5.2821,1.45,2.8974,1.6982,1.0,0.0,13.0,2.4063731762089
doorstop,doorstop,,202.7395833,0.976744186,0.75,6.5263,0.7965,4.3947,0.7898,4.11627907,1.499353866,6.5,1.2892,6.3947,0.9165,1.9211,1.2166,0.684210526,0.106639205,13.0,2.4063731762089
dustpan,dustpan,container; tool,241.7765957,0.88372093,0.833333333,6.3514,1.1357,4.1081,1.0484,4.294117647,1.540053475,6.6216,1.0369,6.1351,1.1344,1.7297,0.9902,0.473684211,0.114548882,13.0,2.4063731762089
abacus,abacus,home decor,241.7058824,0.897435897,1.0,5.4359,1.1424,4.7436,0.9925,4.081632653,1.777600615,6.8718,0.4091,5.5128,1.0481,2.2051,1.3607,0.764705882,0.102879368,12.0,2.3716110699496884
sandal,sandal,clothing; footwear,223.1530612,0.825,0.857142857,6.4545,0.5641,4.9091,1.0713,4.431818182,1.4207388719999998,6.8182,0.3917,6.2727,0.7191,1.8485,1.0932,1.0,0.0,11.0,2.3338225090602887
hairdryer,hairdryer,electronic device; home appliance; personal hygiene item,233.173913,0.928571429,1.0,6.6316,0.5891,4.5789,1.0301,4.155555556,1.223919849,6.6842,1.3578,6.5263,0.7255,1.3158,0.6619,0.764705882,0.102879368,11.0,2.3338225090602887
gearshift,gearshift,part of car,217.7954545,0.880952381,0.818181818,5.3333,1.9376,4.3846,0.8148,3.87755102,1.480887305,6.9744,0.1601,6.5897,0.7511,1.359,0.8425,0.15,0.079843597,11.0,2.3338225090602887
cashew,cashew,food,142.5,0.923076923,0.823529412,6.8378,0.4418,5.8378,0.9864,3.86,1.484752436,1.6486,1.252,6.8378,0.4418,6.7297,0.5082,0.842105263,0.083654675,11.0,2.3338225090602887
metronome,metronome,,230.1410256,0.829849013,0.882352941,5.7568,0.8946,5.027,0.957,4.191489362,1.329241331,6.5946,1.117,5.7568,0.9833,2.5946,1.6238,0.764705882,0.102879368,10.0,2.292429823902064
handlebar,handlebar,,259.9714286,0.80952381,0.846153846,6.1143,1.1825,4.7714,1.0314,4.295454545,1.339551217,6.5143,1.1725,6.3714,0.6897,1.7429,1.0939,0.5,0.125,10.0,2.292429823902064
gyroscope,gyroscope,scientific equipment; toy,228.5833333,0.7,0.785714286,6.2051,0.7671,5.2564,1.0442,3.951219512,1.499186771,6.6667,0.6623,6.0,1.2773,1.7692,1.3853,0.5,0.11785113,9.0,2.2466723333413885
fishbowl,fishbowl,container,238.5222222,0.85,0.764705882,5.1842,1.3528,5.1053,1.1807,3.38,1.828236576,6.4737,1.1086,5.1842,1.2048,2.2368,1.5145,0.882352941,0.07814249,9.0,2.2466723333413885
xylophone,xylophone,musical instrument,271.9268293,0.904761905,0.875,5.825,1.3376,5.875,1.0424,3.384615385,1.6937468169999998,6.825,0.3848,5.725,1.198,1.925,1.2888,0.941176471,0.057067206,9.0,2.2466723333413885
motherboard,motherboard,,225.4358974,0.736842105,0.785714286,5.6667,1.1952,4.3889,0.8028,4.215686275,1.487463956,6.5833,1.079,5.3056,1.7041,1.5278,1.0278,0.411764706,0.119364625,9.0,2.2466723333413885
notepad,notepad,office supply; school supply,221.6976744,0.775,0.769230769,6.5789,0.5987,4.6842,0.9036,3.75,1.831570682,6.6579,0.534,6.5263,0.6872,2.5526,1.4832,0.777777778,0.097990789,8.0,2.195519810894007
pom-pom,pom-pom,arts and crafts supply,216.91025640000004,0.7,0.785714286,6.85,0.3616,5.225,1.1206,3.431818182,1.770530433,6.825,0.4465,6.825,0.3848,1.6,0.8712,0.166666667,0.087841046,7.0,2.13752786391632
pinwheel,pinwheel,home decor; toy,226.6046512,0.87804878,0.75,6.4737,0.7618,5.6579,0.8785,4.234042553,1.683846089,6.8421,0.3695,6.3947,0.8233,1.5,0.8621,0.789473684,0.09352877,7.0,2.13752786391632
grater,grater,kitchen tool; tool,226.7906977,0.909090909,0.7,6.1622,0.9578,4.4865,1.1696,4.195652174,1.3923531669999998,6.6757,0.9444,6.0811,1.1638,1.5676,1.0419,0.842105263,0.083654675,7.0,2.13752786391632
dartboard,dartboard,sports equipment,259.0425532,0.825,0.785714286,5.5526,1.0577,5.1316,1.0698,4.285714286,1.4142135619999998,6.8684,0.3426,5.4211,1.1539,1.8158,1.2271,0.333333333,0.121716124,6.0,2.070581074285707
saltshaker,saltshaker,container,186.0,0.921052632,1.0,6.5789,0.9482,4.7105,0.8977,3.886363636000001,1.617001375,6.6579,0.7453,6.6842,0.5745,1.9737,1.3252,0.411764706,0.119364625,6.0,2.070581074285707
highlighter,highlighter,office supply; school supply,195.6,0.875,0.705882353,6.7895,0.4132,4.7632,1.1492,3.636363636000001,1.600739787,6.8421,0.3695,6.6842,0.6197,1.4737,1.0587,0.823529412,0.092459441,6.0,2.070581074285707
doorknocker,doorknocker,hardware; home decor,201.0,0.9,0.75,5.6944,1.4701,4.3056,1.0642,4.243902439,1.39248856,6.5556,1.0809,6.1944,0.9804,1.9722,1.4636,0.736842105,0.101022618,5.0,1.9913998282380825
footrest,footrest,furniture,258.702381,0.722222222,0.785714286,5.2821,1.2343,5.2821,1.2128,4.2826086960000005,1.708320078,6.7179,0.6047,5.3846,1.1611,1.9487,1.3945,0.315789474,0.106639205,5.0,1.9913998282380825
lanyard,lanyard,clothing accessory,208.9473684,0.805555556,0.714285714,6.6486,0.6756,4.4054,0.8647,4.155555556,1.429487441,6.7568,0.7229,6.6216,0.6811,1.7297,1.1937,0.842105263,0.083654675,4.0,1.894489815230026
earplug,earplug,safety equipment,141.5,0.897435897,0.8125,6.4615,1.1435,4.2051,1.1738,4.078431373,1.507887758,6.6667,0.6213,6.5128,0.914,1.6154,0.8148,0.428571429,0.132260014,3.0,1.769551078621726
honeypot,honeypot,container,236.2125,0.825,0.818181818,5.8684,0.9911,5.4737,1.0064,3.914893617,1.652794567,6.8684,0.3426,5.6579,1.1455,2.0,1.4519,0.611111111,0.114904386,3.0,1.769551078621726
paperclip,paperclip,fastener; office supply; school supply,146.7093023,0.9,0.705882353,6.6857,0.7183,4.4571,0.8168,3.785714286,1.522765685,6.5714,1.0371,6.2571,1.1205,1.6286,0.9727,0.444444444,0.117121395,2.0,1.5934598195660448
hookah,hookah,,248.6931818,0.783783784,0.733333333,5.5946,1.0919,4.8919,1.4295,4.195652174,1.641402723,6.8919,0.3148,5.7297,1.0448,1.6486,1.0332,0.833333333,0.087841046,2.0,1.5934598195660448
teabag,teabag,,168.69318180000002,0.902439024,0.8125,6.6486,0.6332,5.6216,0.9531,4.239130435,1.6218615180000002,6.2703,1.1702,6.3514,1.0332,4.4595,1.5563,0.111111111,0.074074074,2.0,1.5934598195660448
kneepad,kneepad,protective clothing; safety equipment; sports equipment,219.3222222,0.926829268,0.833333333,6.5405,0.5052,4.3514,0.9194,4.25,1.511583184,6.4054,1.3429,6.4865,0.5588,1.7027,0.968,0.764705882,0.102879368,2.0,1.5934598195660448
windsock,windsock,,269.5882353,0.868421053,0.764705882,5.5135,1.3667,4.5135,0.7682,4.31372549,1.36367439,6.8378,0.4418,5.2703,1.4842,1.4054,0.6855,0.235294118,0.102879368,1.0,1.2924298239020635
wind_chimes,wind chimes,home decor,229.6590909,0.87804878,0.785714286,5.825,1.1297,5.9,1.0328,3.477272727,1.577289939,6.5,0.8771,5.7,1.1368,2.75,1.6756,0.666666667,0.111111111,0.0,1.0
watering_can,watering can,container; garden tool; tool,246.047619,0.871794872,0.777777778,6.0,1.0,4.9459,0.9412,4.0425531910000005,1.667560661,6.5676,1.119,5.9189,1.3412,1.5946,0.7623,0.611111111,0.114904386,0.0,1.0
water_bottle,water bottle,container,229.5568182,0.880952381,0.846153846,6.5946,0.599,5.3243,1.1317,3.571428571,1.7677669530000002,6.6486,0.7894,6.2703,0.9902,1.5135,0.9013,0.941176471,0.057067206,0.0,1.0
aluminum_foil,aluminum foil,,224.5588235,0.925,0.875,6.3514,0.8887,4.3514,0.9194,3.6875,1.386197155,6.5676,0.9586,6.2162,1.0836,2.4865,1.6435,0.421052632,0.113268966,0.0,1.0
air_pump,air pump,tool,248.6785714,0.837209302,0.764705882,6.1316,1.0698,4.3684,0.8517,4.347826087,1.5234083319999998,6.3947,1.5516,6.2105,1.0438,1.6053,1.0537,0.736842105,0.101022618,0.0,1.0
mousepad,mousepad,,222.3,0.868421053,0.777777778,6.7105,0.5151,4.9211,0.9693,3.666666667,1.363689526,6.7105,1.011,6.6316,0.6334,1.3684,0.7505,0.944444444,0.053990295,0.0,1.0
mashed_potato,mashed potato,food,196.2878788,0.871794872,0.785714286,5.0811,1.6563,5.5676,1.4248,3.914893617,1.5298449369999998,6.0541,1.2006,4.8108,1.664,4.9189,1.4409999999999998,0.85,0.079843597,0.0,1.0
scrambled_egg,scrambled egg,breakfast food; food,187.4042553,0.794871795,0.764705882,5.0811,1.382,5.4054,1.1657,4.076923077,1.767910086,5.3243,1.8567,4.9459,1.4897,4.7297,1.9671,0.333333333,0.111111111,0.0,1.0
mosquito_net,mosquito net,,293.4230769,0.9,0.882352941,5.7714,1.3522,5.1714,1.4035,3.523809524,1.435407569,6.8,0.4728,6.0571,0.9375,1.7429,1.4213,0.5,0.11785113,0.0,1.0
measuring_cup,measuring cup,container; kitchen tool; scientific equipment,204.9625,0.825,1.0,6.5,0.797,4.5789,0.9762,3.3863636360000005,1.543416764,6.8684,0.3426,6.3421,1.0724,1.6316,0.913,0.941176471,0.057067206,0.0,1.0
plastic_film,plastic film,,204.74,0.794871795,0.705882353,6.2432,1.1403,4.1622,1.0932,3.977777778,1.559266857,6.6486,1.0332,6.2432,1.0383,1.4865,0.9013,0.0,0.0,0.0,1.0
pocket_watch,pocket watch,jewelry,180.7717391,0.871794872,0.733333333,6.7027,0.6176,5.3514,1.006,3.5,1.5158734580000002,6.5676,1.2143,6.6757,0.626,1.6216,1.0369,0.666666667,0.111111111,0.0,1.0
paper_bag,paper bag,container,239.0454545,0.871794872,0.733333333,6.7143,0.5725,4.1714,1.0706,4.14,1.457002794,6.6286,0.6897,6.7143,0.5725,3.1429,1.8652,0.777777778,0.097990789,0.0,1.0
rollerskate,rollerskate,footwear; sports equipment,232.84375,0.825,0.818181818,6.0556,0.7908,5.4722,1.1081,4.477272727,1.438484932,6.75,1.0522,5.8333,0.971,1.3611,0.6393,0.2,0.089442719,0.0,1.0
wrapping_paper,wrapping paper,arts and crafts supply,246.2875,0.815789474,0.818181818,6.3243,1.0289,5.5135,0.9894,3.895833333,1.447515602,6.5676,1.3026,6.2432,0.8302,1.9459,1.1772,1.0,0.0,0.0,1.0
windshield_wiper,windshield wiper,part of car,239.6744186,0.875,0.8125,5.925,1.2888,4.5,0.9058,4.139534884,1.457025596,6.775,0.6975,5.95,1.061,1.525,1.0374,0.65,0.106653645,0.0,1.0
hard_disk,hard disk,,208.4166667,0.871794872,0.823529412,5.9189,0.9539,4.4595,0.9308,4.152173913,1.44479743,6.4054,1.1893,5.6216,1.139,1.4595,0.8691,0.052631579,0.051227817,0.0,1.0
sleeping_bag,sleeping bag,,299.5348837,0.842105263,0.75,5.9167,0.9673,5.2222,1.1979,4.063829787,1.673375336,6.7222,0.7787,5.5278,1.1585,1.5,1.0,0.947368421,0.051227817,0.0,1.0
soy_sauce,soy sauce,condiment; food,195.6964286,0.897435897,0.75,5.0263,2.1496,5.3684,1.2175,4.2,1.307322037,6.2105,1.3588,4.7105,2.265,3.5,2.0101,0.55,0.111242977,0.0,1.0
spark_plug,spark plug,hardware; part of car,174.627907,0.8,0.75,6.5897,0.5486,4.2821,0.9162,4.204081633,1.499716527,6.8974,0.3074,6.359,0.8107,1.5385,0.9692,0.6,0.109544512,0.0,1.0
ice-cream_cone,ice-cream cone,dessert; food,200.0,0.926829268,0.8,6.5676,0.6888,5.9459,1.1534,3.409090909,2.026776359,6.7027,0.6176,6.2973,0.8777,2.1892,1.4306,0.0,0.0,0.0,1.0
hula_hoop,hula hoop,toy,282.9574468,0.875,0.857142857,6.5556,0.8087,5.6667,1.042,3.808510638,1.5967126269999998,6.8333,0.8452,6.3889,1.1283,1.3056,0.6242,0.941176471,0.057067206,0.0,1.0
ice_cube,ice cube,,216.7978723,0.923076923,0.9375,5.1579,1.3462,4.5263,1.0064,4.125,1.36249146,5.5526,1.4275,4.9737,1.4044,4.6316,1.6833,0.842105263,0.083654675,0.0,1.0
ice_pack,ice pack,medical equipment,206.5681818,0.909090909,0.818181818,6.0263,1.1965,4.6053,1.0011,4.094339623,1.98323891,6.7368,0.6011,6.0526,1.0641,2.2368,1.4966,0.894736842,0.0704059,0.0,1.0
laundry_basket,laundry basket,,278.6222222,0.853658537,0.866666667,6.2162,0.7124,4.2703,0.9324,4.102040816000001,1.41781666,6.6486,1.1599,6.1892,1.1264,1.3243,0.6689,0.526315789,0.114548882,0.0,1.0
laser_pointer,laser pointer,,178.56666669999998,0.9,0.916666667,6.6857,0.5827,4.8286,1.3609,3.234042553,1.338603522,6.8,0.4058,6.5143,0.7811,1.7143,1.4053,0.388888889,0.114904386,0.0,1.0
lip_balm,lip balm,personal hygiene item,169.5217391,0.886363636,0.789473684,6.7059,0.4625,5.9118,0.9001,3.97826087,1.6665217330000002,6.6765,0.5349,6.5,0.6629,3.5,1.656,0.235294118,0.102879368,0.0,1.0
lightbulb,lightbulb,hardware; lighting,192.9666667,0.875,0.8,6.5135,0.6507,5.1081,0.9364,3.960784314,1.53571852,6.8649,0.3466,6.4324,0.8347,1.3243,0.4746,0.235294118,0.102879368,0.0,1.0
life_jacket,life jacket,clothing; protective clothing; safety equipment,259.3152174,0.833333333,0.733333333,6.3158,0.6619,4.7632,1.2398,4.466666667,1.6039723419999998,6.7632,0.4896,5.9737,0.9149,1.8421,1.2633,0.578947368,0.113268966,0.0,1.0
ski_pole,ski pole,sports equipment,285.6976744,0.790697674,0.785714286,6.2703,0.8045,4.6216,0.7583,4.450980392,1.331371105,6.8108,0.4618,6.1622,0.8665,1.6486,0.9492,0.555555556,0.117121395,0.0,1.0
sim_card,sim card,,141.11111110000002,0.925,0.75,6.2105,0.8433,4.6053,1.0537,4.0,1.245399698,6.6842,1.0162,5.8158,1.2704,1.5263,0.9512,0.3125,0.115878101,0.0,1.0
lab_coat,lab coat,clothing; outerwear; protective clothing; safety equipment; scientific equipment,271.3586957,0.75,0.764705882,6.575,0.9842,4.35,0.9487,3.756097561,1.545646916,6.775,0.5768,6.625,0.8066,2.075,1.2687,0.625,0.12103073,0.0,1.0
license_plate,license plate,part of car,236.5795455,0.975609756,0.944444444,6.2632,0.8601,4.1316,0.6226,4.152173913,1.191961806,6.7105,0.8671,6.0526,1.2069,1.5,0.8929,0.764705882,0.102879368,0.0,1.0
shoe_polish,shoe polish,,186.75,0.925,1.0,6.1667,1.0556,4.0833,0.9373,3.911111111,1.39515757,6.6389,0.5426,5.7778,1.4365,2.1389,1.3764,0.882352941,0.07814249,0.0,1.0
shaving_cream,shaving cream,personal hygiene item,211.5138889,0.880952381,0.8,5.825,1.483,4.825,0.9306,3.895833333,1.6010579390000002,6.825,0.3848,5.325,1.7005,1.825,1.2788,0.947368421,0.051227817,0.0,1.0
pencil_sharpener,pencil sharpener,arts and crafts supply; office supply; school supply; tool,184.4404762,0.875,0.882352941,6.8571,0.355,4.3429,0.8382,3.948717949,1.356247104,6.9143,0.284,6.7429,0.6108,1.4286,0.9167,0.65,0.106653645,0.0,1.0
piggy_bank,piggy bank,container,231.6195652,0.909090909,0.916666667,5.6842,1.0681,5.3947,0.9737,3.568181818,1.703590289,6.8947,0.3883,5.3684,1.1252,1.8158,1.3528,1.0,0.0,0.0,1.0
rearview_mirror,rearview mirror,part of car,217.1521739,0.714285714,0.923076923,6.0263,1.2409,4.3684,0.7857,4.125,1.5928697509999998,6.8158,0.4565,6.3947,0.5945,1.6053,0.9455,0.0,0.0,0.0,1.0
remote_control,remote control,electronic device,214.4651163,0.902439024,1.0,6.8889,0.3187,4.8333,1.0556,4.085106383,1.5298449369999998,6.7222,0.7411,6.8056,0.5248,1.6944,1.1667,0.388888889,0.114904386,0.0,1.0
paper_towel,paper towel,,229.4204545,0.928571429,0.8,6.75,0.4392,4.7778,0.7601,4.1111111110000005,1.540693796,6.6667,0.5345,6.5556,0.9394,2.5833,1.7464,1.0,0.0,0.0,1.0
rolling_pin,rolling pin,kitchen tool; tool,227.6428571,0.80952381,0.75,6.3333,0.7559,4.5278,0.7741,4.0,1.7677669530000002,6.6667,0.5345,6.1389,0.8993,2.5833,1.6453,0.882352941,0.07814249,0.0,1.0
orange_rind,orange rind,,190.8108108,0.948717949,0.722222222,6.5641,0.718,4.3846,1.4256,4.018867925,1.3515029530000002,1.2051,0.469,6.5128,0.7564,6.7692,0.4846,0.0,0.0,0.0,1.0
nail_polish,nail polish,personal hygiene item,172.0340909,0.952380952,1.0,6.359,0.8425,5.5128,1.2327,4.181818182,1.6463169219999998,6.5128,1.374,5.8718,1.6572,1.8205,1.4118,1.0,0.0,0.0,1.0
t-shirt,t-shirt,clothing,259.3444444,0.871794872,0.866666667,6.7027,0.5708,5.2973,0.9388,3.673913043,1.838530184,6.7297,0.4502,6.5405,0.9887,2.9459,1.6658,0.894736842,0.0704059,0.0,1.0
steering_wheel,steering wheel,part of car,250.0638298,0.87804878,1.0,6.0857,1.2217,4.4,0.8471,4.42,1.566094844,6.9714,0.1689999999999999,6.4286,0.6981,1.3143,0.6761,1.0,0.0,0.0,1.0
football_helmet,football helmet,headwear; protective clothing; safety equipment; sports equipment,240.76923080000003,0.95,0.777777778,6.15,0.8022,4.45,1.1082,3.977777778,1.5298379130000002,6.725,0.5541,5.925,1.3471,1.475,1.0619,0.375,0.12103073,0.0,1.0
sugar_cube,sugar cube,food,141.2093023,0.928571429,0.857142857,6.6176,0.6038,5.4706,0.9919,3.450980392,1.700749546,5.6176,1.5766,6.5588,0.7046,4.0,1.891,0.842105263,0.083654675,0.0,1.0
sweet_potato,sweet potato,food; vegetable,208.2340426,0.95,0.75,6.6111,0.5989,5.1667,1.5766,3.784313725,1.640898845,1.6944,1.2608,6.5833,0.5,6.6389,0.6825,0.705882353,0.110510169,0.0,1.0
easter_egg,easter egg,food,180.1956522,0.818181818,0.857142857,6.6216,0.6811,5.8378,0.9284,3.976744186,1.7111451480000002,5.0,1.8856,6.5946,0.7249,4.4054,1.8924,0.6,0.109544512,0.0,1.0
tape_recorder,tape recorder,electronic device,221.1785714,0.804878049,0.75,6.1622,0.9578,5.027,1.0926,4.2558139530000005,1.346830906,6.7027,0.968,6.1622,0.8979,1.4595,0.9887,0.647058824,0.115904043,0.0,1.0
fishing_pole,fishing pole,,279.872093,0.794871795,0.714285714,6.2,0.8331,4.9429,1.2353,4.088888889,1.5929136000000002,6.7429,0.6572,6.3143,0.7581,2.0857,1.4011,0.705882353,0.110510169,0.0,1.0
first-aid_kit,first-aid kit,medical equipment,237.27380950000003,0.853658537,0.714285714,6.4737,0.7618,4.7895,1.3588,4.11627907,1.5462597319999998,6.7368,0.8909,6.1579,1.0007,1.8421,1.1974,0.0,0.0,0.0,1.0
tape_measure,tape measure,scientific equipment; tool,204.1071429,0.904761905,0.866666667,6.5789,0.6423,4.8158,1.036,4.044444444,1.521894088,6.8421,0.4366,6.3158,0.8089,1.4211,0.7929,0.722222222,0.105571799,0.0,1.0
test_tube,test tube,container; scientific equipment,191.5238095,0.923076923,0.8125,6.5385,0.8537,4.2564,0.7853,3.914893617,1.754866367,6.7949,0.5221,6.3333,1.0087,1.9231,1.3453,0.736842105,0.101022618,0.0,1.0
tennis_ball,tennis ball,sports equipment,195.8444444,0.902439024,0.727272727,6.8718,0.3387,5.2564,0.9925,3.791666667,1.543115574,6.8974,0.3074,6.6667,0.6213,1.4615,0.7555,0.941176471,0.057067206,0.0,1.0
hearing_aid,hearing aid,medical equipment,151.17708330000002,0.921052632,0.733333333,6.6486,0.5877,5.0541,1.2006,4.2352941180000006,1.464079715,6.9459,0.2292,6.4595,0.8365,1.5135,1.0703,1.0,0.0,0.0,1.0
green_beans,green beans,food; vegetable,162.86363640000002,0.85,0.705882353,6.6,0.5905,5.625,1.03,3.5,1.611131491,1.45,0.9044,6.5,0.6405,6.675,0.5723,0.75,0.096824584,0.0,1.0
golf_club,golf club,sports equipment,273.6794872,0.731707317,0.8125,6.2812,0.7719,4.5625,0.84,4.260869565,1.6252833269999998,6.375,1.4756,6.375,0.8707,1.75,1.1359,0.785714286,0.109664211,0.0,1.0
star_fruit,star fruit,food; fruit,201.2948718,0.875,0.8,6.4474,0.6857,5.7632,1.051,3.413043478,2.006390756,1.8421,1.6196,6.3158,0.8089,6.4211,1.2221,0.8,0.089442719,0.0,1.0
contact_lens,contact lens,,136.8617021,0.974358974,0.846153846,5.7105,1.6425,4.7632,1.3241,3.770833333,1.505162511,6.5,1.2892,5.3947,1.7636,2.0263,1.3046,0.588235294,0.119364625,0.0,1.0
cookie_cutter,cookie cutter,,193.4880952,0.95,0.833333333,6.6389,0.7617,5.4722,1.1081,4.0,1.6758611630000002,6.75,0.9373,6.4722,0.9706,1.4444,0.8765,0.578947368,0.113268966,0.0,1.0
comic_book,comic book,,226.9021739,0.857142857,0.928571429,6.6316,0.6334,5.4474,1.1554,3.921568627,1.695206622,6.5789,1.106,6.5789,0.7215,2.2105,1.3786,0.65,0.106653645,0.0,1.0
coffee_bean,coffee bean,food,130.8125,0.928571429,0.909090909,6.6,0.5531,5.8286,1.0142,3.745098039,1.671444133,2.0571,1.8302,6.4571,0.7005,6.6571,0.5913,0.947368421,0.051227817,0.0,1.0
credit_card,credit card,,186.9431818,0.954545455,1.0,6.775,0.5305,4.425,1.3939,4.277777778,1.560423223,6.65,1.231,6.475,1.2192,1.325,0.9711,0.823529412,0.092459441,0.0,1.0
cd_player,cd player,electronic device,230.2333333,0.880952381,0.8125,6.3939,0.6586,5.6061,0.9663,4.04,1.665496188,6.8788,0.4151,6.2424,0.8303,1.2727,0.8013,0.7,0.102469508,0.0,1.0
chive,chive,food; plant; vegetable,158.5609756,0.820512821,0.769230769,6.6667,0.6213,5.5128,0.7905,3.844444444,1.46093923,1.4615,1.2742,6.4359,0.8521,6.6667,0.8686,0.55,0.111242977,0.0,1.0
chickpea,chickpea,food; vegetable,134.63953490000003,0.860465116,0.733333333,6.6757,0.6689,5.027,1.213,3.571428571,1.683250823,1.7568,1.3209,6.6486,0.6756,6.4324,1.2143,0.6,0.126491106,0.0,1.0
chess_piece,chess piece,,169.8295455,0.87804878,0.833333333,6.6579,0.7081,4.8421,1.1746,3.85106383,1.756710407,6.7632,0.5897,6.4737,0.9223,2.3684,1.7151,0.705882353,0.110510169,0.0,1.0
toilet_paper,toilet paper,personal hygiene item,216.75,0.975,0.722222222,6.7568,0.5479999999999999,4.9189,1.2991,3.704545455,1.456014718,6.4595,1.2382,6.7297,0.5082,2.7027,1.7774,1.0,0.0,0.0,1.0
towel_rack,towel rack,,254.14444440000003,0.840909091,0.733333333,5.2703,1.3468,4.7568,0.863,3.692307692,1.5407976230000002,6.6486,0.5877,5.7838,1.0836,1.9459,1.2898,0.764705882,0.102879368,0.0,1.0
brussels_sprouts,brussels sprouts,food; vegetable,164.3522727,0.930232558,0.8,6.4872,0.6437,4.4615,1.7599,3.659574468,1.463714687,1.7179,1.4681,6.3333,0.8686,6.7692,0.4846,0.125,0.082679728,0.0,1.0
bowling_ball,bowling ball,sports equipment,241.8913043,0.923076923,0.727272727,5.3889,1.2019,4.7778,1.0173,4.088888889,1.427366014,6.6944,0.7491,5.4722,1.2532,1.6667,0.9258,1.0,0.0,0.0,1.0
baseball_glove,baseball glove,sports equipment,203.8214286,0.804878049,0.705882353,6.2222,1.0173,5.1667,0.971,3.953488372,1.495286059,6.5556,1.0809,6.1667,0.971,2.6111,1.8405,0.473684211,0.114548882,0.0,1.0
board_game,board game,game,253.75,0.923076923,0.733333333,6.2703,0.7321,5.8919,0.8427,3.97826087,1.831685689,6.7838,0.4793,6.1351,0.7875,1.7297,1.1702,0.823529412,0.092459441,0.0,1.0
belt_buckle,belt buckle,clothing accessory; fastener,184.6555556,0.829268293,0.882352941,6.5405,0.691,4.5676,1.0419,4.093023256,1.427851424,6.8108,0.4618,6.4324,0.8347,1.6757,1.226,0.631578947,0.110664733,0.0,1.0
bubble_wrap,bubble wrap,,234.2580645,0.925,0.722222222,6.4324,0.728,5.3243,1.1798,3.787234043,1.999306078,6.9459,0.2292,6.4324,0.7652,1.1351,0.4191,0.833333333,0.087841046,0.0,1.0
breadstick,breadstick,food,210.4021739,0.880952381,0.785714286,6.5526,0.6857,5.8947,1.0078,4.22,1.594505873,6.3947,0.9165,6.4211,0.8893,3.0789,1.7145,0.684210526,0.106639205,0.0,1.0
tuning_fork,tuning fork,,206.7625,0.9,0.727272727,6.5676,0.6888,4.5405,0.9602,4.304347826,1.603739591,6.6486,0.9194,6.5405,0.7672,2.0,1.472,0.333333333,0.111111111,0.0,1.0
waffle_iron,waffle iron,electronic device; home appliance; kitchen appliance,241.8085106,0.875,0.923076923,5.5263,1.0329,5.1579,1.0007,4.088888889,1.607118005,6.7632,0.4896,5.3158,1.1176,1.6579,0.9939,0.526315789,0.114548882,0.0,1.0
yo-yo,yo-yo,game; toy,189.9431818,0.871794872,0.923076923,6.6,0.6945,5.4857,1.2217,3.826086957,1.877401843,6.8286,0.3824,6.4,0.9456,1.4571,0.78,0.947368421,0.051227817,0.0,1.0
